node_name_list,node_num,init_replicas,target_replicas,delta_replicas,scaling_t,is_wait_until_no_unavailable,cpu_limit,mem_limit,cpu_requests,mem_requests
['k8s02'],1,0,0,0,0.038286447525024414,False,0.1,64,0.1,64
['k8s02'],1,0,1,1,2.3663923740386963,False,0.1,64,0.1,64
['k8s02'],1,0,2,2,2.3938229084014893,False,0.1,64,0.1,64
['k8s02'],1,0,3,3,2.6949188709259033,False,0.1,64,0.1,64
['k8s02'],1,0,4,4,2.9387521743774414,False,0.1,64,0.1,64
['k8s02'],1,0,5,5,4.109953165054321,False,0.1,64,0.1,64
['k8s02'],1,0,6,6,4.333259582519531,False,0.1,64,0.1,64
['k8s02'],1,0,7,7,5.377892255783081,False,0.1,64,0.1,64
['k8s02'],1,0,8,8,6.342949867248535,False,0.1,64,0.1,64
['k8s02'],1,0,9,9,7.817145824432373,False,0.1,64,0.1,64
['k8s02'],1,0,10,10,8.33492398262024,False,0.1,64,0.1,64
['k8s02'],1,0,11,11,9.520328998565674,False,0.1,64,0.1,64
['k8s02'],1,0,12,12,10.535895824432373,False,0.1,64,0.1,64
['k8s02'],1,0,13,13,11.387193441390991,False,0.1,64,0.1,64
['k8s02'],1,0,14,14,12.605782747268677,False,0.1,64,0.1,64
['k8s02'],1,0,15,15,13.51727557182312,False,0.1,64,0.1,64
['k8s02'],1,0,16,16,13.814457654953003,False,0.1,64,0.1,64
['k8s02'],1,0,17,17,15.528167247772217,False,0.1,64,0.1,64
['k8s02'],1,0,18,18,16.805735111236572,False,0.1,64,0.1,64
['k8s02'],1,0,19,19,17.319425582885742,False,0.1,64,0.1,64
['k8s02'],1,0,20,20,16.023763418197632,False,0.1,64,0.1,64
['k8s02'],1,0,0,0,0.031131982803344727,False,0.1,64,0.1,64
['k8s02'],1,0,1,1,2.4645466804504395,False,0.1,64,0.1,64
['k8s02'],1,0,2,2,2.8583874702453613,False,0.1,64,0.1,64
['k8s02'],1,0,3,3,2.7179524898529053,False,0.1,64,0.1,64
['k8s02'],1,0,4,4,2.717543601989746,False,0.1,64,0.1,64
['k8s02'],1,0,5,5,3.357112169265747,False,0.1,64,0.1,64
['k8s02'],1,0,6,6,4.619134426116943,False,0.1,64,0.1,64
['k8s02'],1,0,7,7,5.378732204437256,False,0.1,64,0.1,64
['k8s02'],1,0,8,8,6.610826253890991,False,0.1,64,0.1,64
['k8s02'],1,0,9,9,7.512341260910034,False,0.1,64,0.1,64
['k8s02'],1,0,10,10,8.577022075653076,False,0.1,64,0.1,64
['k8s02'],1,0,11,11,9.338496685028076,False,0.1,64,0.1,64
['k8s02'],1,0,12,12,10.535645246505737,False,0.1,64,0.1,64
['k8s02'],1,0,13,13,11.581118822097778,False,0.1,64,0.1,64
['k8s02'],1,0,14,14,12.5914945602417,False,0.1,64,0.1,64
['k8s02'],1,0,15,15,13.912024974822998,False,0.1,64,0.1,64
['k8s02'],1,0,16,16,12.716270923614502,False,0.1,64,0.1,64
['k8s02'],1,0,17,17,14.807436466217041,False,0.1,64,0.1,64
['k8s02'],1,0,18,18,14.78835916519165,False,0.1,64,0.1,64
['k8s02'],1,0,19,19,17.75892472267151,False,0.1,64,0.1,64
['k8s02'],1,0,20,20,15.213595628738403,False,0.1,64,0.1,64
['k8s02'],1,0,0,0,0.04597759246826172,False,0.1,64,0.1,64
['k8s02'],1,0,1,1,2.373095750808716,False,0.1,64,0.1,64
['k8s02'],1,0,2,2,2.498983383178711,False,0.1,64,0.1,64
['k8s02'],1,0,3,3,3.2549872398376465,False,0.1,64,0.1,64
['k8s02'],1,0,4,4,2.497908592224121,False,0.1,64,0.1,64
['k8s02'],1,0,5,5,3.738197088241577,False,0.1,64,0.1,64
['k8s02'],1,0,6,6,4.392564058303833,False,0.1,64,0.1,64
['k8s02'],1,0,7,7,5.6159162521362305,False,0.1,64,0.1,64
['k8s02'],1,0,8,8,6.3905322551727295,False,0.1,64,0.1,64
['k8s02'],1,0,9,9,7.605172634124756,False,0.1,64,0.1,64
['k8s02'],1,0,10,10,8.576093196868896,False,0.1,64,0.1,64
['k8s02'],1,0,11,11,9.5361008644104,False,0.1,64,0.1,64
['k8s02'],1,0,12,12,10.522639989852905,False,0.1,64,0.1,64
['k8s02'],1,0,13,13,10.590109825134277,False,0.1,64,0.1,64
['k8s02'],1,0,14,14,11.945920467376709,False,0.1,64,0.1,64
['k8s02'],1,0,15,15,12.913575887680054,False,0.1,64,0.1,64
['k8s02'],1,0,16,16,13.803807735443115,False,0.1,64,0.1,64
['k8s02'],1,0,17,17,13.375481128692627,False,0.1,64,0.1,64
['k8s02'],1,0,18,18,13.962887287139893,False,0.1,64,0.1,64
['k8s02'],1,0,19,19,16.793853044509888,False,0.1,64,0.1,64
['k8s02'],1,0,20,20,16.33586549758911,False,0.1,64,0.1,64
['k8s02'],1,0,0,0,0.0353388786315918,False,0.1,64,0.1,64
['k8s02'],1,0,1,1,2.6967899799346924,False,0.1,64,0.1,64
['k8s02'],1,0,2,2,2.8113293647766113,False,0.1,64,0.1,64
['k8s02'],1,0,3,3,2.484678268432617,False,0.1,64,0.1,64
['k8s02'],1,0,4,4,2.588529348373413,False,0.1,64,0.1,64
['k8s02'],1,0,5,5,4.343019485473633,False,0.1,64,0.1,64
['k8s02'],1,0,6,6,4.390415668487549,False,0.1,64,0.1,64
['k8s02'],1,0,7,7,5.329651594161987,False,0.1,64,0.1,64
['k8s02'],1,0,8,8,6.571078300476074,False,0.1,64,0.1,64
['k8s02'],1,0,9,9,7.613670110702515,False,0.1,64,0.1,64
['k8s02'],1,0,10,10,8.357033014297485,False,0.1,64,0.1,64
['k8s02'],1,0,11,11,9.55306625366211,False,0.1,64,0.1,64
['k8s02'],1,0,12,12,10.33585500717163,False,0.1,64,0.1,64
['k8s02'],1,0,13,13,11.363489151000977,False,0.1,64,0.1,64
['k8s02'],1,0,14,14,12.350463390350342,False,0.1,64,0.1,64
['k8s02'],1,0,15,15,13.505541563034058,False,0.1,64,0.1,64
['k8s02'],1,0,16,16,13.312778234481812,False,0.1,64,0.1,64
['k8s02'],1,0,17,17,15.160179376602173,False,0.1,64,0.1,64
['k8s02'],1,0,18,18,16.725322008132935,False,0.1,64,0.1,64
['k8s02'],1,0,19,19,17.326935529708862,False,0.1,64,0.1,64
['k8s02'],1,0,20,20,17.53781819343567,False,0.1,64,0.1,64
['k8s02'],1,0,0,0,0.03594541549682617,False,0.1,64,0.1,64
['k8s02'],1,0,1,1,2.4999921321868896,False,0.1,64,0.1,64
['k8s02'],1,0,2,2,3.038236618041992,False,0.1,64,0.1,64
['k8s02'],1,0,3,3,3.047114610671997,False,0.1,64,0.1,64
['k8s02'],1,0,4,4,3.400437831878662,False,0.1,64,0.1,64
['k8s02'],1,0,5,5,3.597801923751831,False,0.1,64,0.1,64
['k8s02'],1,0,6,6,4.515556573867798,False,0.1,64,0.1,64
['k8s02'],1,0,7,7,5.392042398452759,False,0.1,64,0.1,64
['k8s02'],1,0,8,8,6.35933518409729,False,0.1,64,0.1,64
['k8s02'],1,0,9,9,7.502375602722168,False,0.1,64,0.1,64
['k8s02'],1,0,10,10,8.33536171913147,False,0.1,64,0.1,64
['k8s02'],1,0,11,11,9.595556735992432,False,0.1,64,0.1,64
['k8s02'],1,0,12,12,10.409049272537231,False,0.1,64,0.1,64
['k8s02'],1,0,13,13,11.574712038040161,False,0.1,64,0.1,64
['k8s02'],1,0,14,14,12.386945724487305,False,0.1,64,0.1,64
['k8s02'],1,0,15,15,13.727459907531738,False,0.1,64,0.1,64
['k8s02'],1,0,16,16,12.715017080307007,False,0.1,64,0.1,64
['k8s02'],1,0,17,17,14.316761016845703,False,0.1,64,0.1,64
['k8s02'],1,0,18,18,15.121646404266357,False,0.1,64,0.1,64
['k8s02'],1,0,19,19,17.53403067588806,False,0.1,64,0.1,64
['k8s02'],1,0,20,20,17.72529363632202,False,0.1,64,0.1,64
['k8s02'],1,0,0,0,0.036379337310791016,False,0.1,64,0.1,64
['k8s02'],1,0,1,1,2.376591444015503,False,0.1,64,0.1,64
['k8s02'],1,0,2,2,2.476377487182617,False,0.1,64,0.1,64
['k8s02'],1,0,3,3,2.5897445678710938,False,0.1,64,0.1,64
['k8s02'],1,0,4,4,2.9421544075012207,False,0.1,64,0.1,64
['k8s02'],1,0,5,5,3.4935765266418457,False,0.1,64,0.1,64
['k8s02'],1,0,6,6,4.3700292110443115,False,0.1,64,0.1,64
['k8s02'],1,0,7,7,5.3590686321258545,False,0.1,64,0.1,64
['k8s02'],1,0,8,8,6.389909982681274,False,0.1,64,0.1,64
['k8s02'],1,0,9,9,7.611028671264648,False,0.1,64,0.1,64
['k8s02'],1,0,10,10,8.34141755104065,False,0.1,64,0.1,64
['k8s02'],1,0,11,11,9.507133722305298,False,0.1,64,0.1,64
['k8s02'],1,0,12,12,10.378652811050415,False,0.1,64,0.1,64
['k8s02'],1,0,13,13,11.543245553970337,False,0.1,64,0.1,64
['k8s02'],1,0,14,14,12.305277347564697,False,0.1,64,0.1,64
['k8s02'],1,0,15,15,13.549371004104614,False,0.1,64,0.1,64
['k8s02'],1,0,16,16,12.35804271697998,False,0.1,64,0.1,64
['k8s02'],1,0,17,17,14.516735792160034,False,0.1,64,0.1,64
['k8s02'],1,0,18,18,15.535329818725586,False,0.1,64,0.1,64
['k8s02'],1,0,19,19,17.541097402572632,False,0.1,64,0.1,64
['k8s02'],1,0,20,20,16.181604623794556,False,0.1,64,0.1,64
['k8s02'],1,0,0,0,0.0326085090637207,False,0.1,64,0.1,64
['k8s02'],1,0,1,1,2.3551604747772217,False,0.1,64,0.1,64
['k8s02'],1,0,2,2,2.294053316116333,False,0.1,64,0.1,64
['k8s02'],1,0,3,3,2.7918708324432373,False,0.1,64,0.1,64
['k8s02'],1,0,4,4,2.844794750213623,False,0.1,64,0.1,64
['k8s02'],1,0,5,5,3.348054885864258,False,0.1,64,0.1,64
['k8s02'],1,0,6,6,4.368505239486694,False,0.1,64,0.1,64
['k8s02'],1,0,7,7,5.540270805358887,False,0.1,64,0.1,64
['k8s02'],1,0,8,8,6.342892408370972,False,0.1,64,0.1,64
['k8s02'],1,0,9,9,7.332196474075317,False,0.1,64,0.1,64
['k8s02'],1,0,10,10,8.579179048538208,False,0.1,64,0.1,64
['k8s02'],1,0,11,11,9.346461057662964,False,0.1,64,0.1,64
['k8s02'],1,0,12,12,9.754571676254272,False,0.1,64,0.1,64
['k8s02'],1,0,13,13,11.136720180511475,False,0.1,64,0.1,64
['k8s02'],1,0,14,14,11.98076581954956,False,0.1,64,0.1,64
['k8s02'],1,0,15,15,12.294778108596802,False,0.1,64,0.1,64
['k8s02'],1,0,16,16,14.720792770385742,False,0.1,64,0.1,64
['k8s02'],1,0,17,17,13.79455852508545,False,0.1,64,0.1,64
['k8s02'],1,0,18,18,15.206117630004883,False,0.1,64,0.1,64
['k8s02'],1,0,19,19,17.815014362335205,False,0.1,64,0.1,64
['k8s02'],1,0,20,20,17.404090404510498,False,0.1,64,0.1,64
['k8s02'],1,0,0,0,0.03612160682678223,False,0.1,64,0.1,64
['k8s02'],1,0,1,1,2.3653998374938965,False,0.1,64,0.1,64
['k8s02'],1,0,2,2,2.3483052253723145,False,0.1,64,0.1,64
['k8s02'],1,0,3,3,2.7211341857910156,False,0.1,64,0.1,64
['k8s02'],1,0,4,4,3.144855499267578,False,0.1,64,0.1,64
['k8s02'],1,0,5,5,3.949643850326538,False,0.1,64,0.1,64
['k8s02'],1,0,6,6,4.72832465171814,False,0.1,64,0.1,64
['k8s02'],1,0,7,7,5.502005577087402,False,0.1,64,0.1,64
['k8s02'],1,0,8,8,6.556865692138672,False,0.1,64,0.1,64
['k8s02'],1,0,9,9,7.604342937469482,False,0.1,64,0.1,64
['k8s02'],1,0,10,10,8.431318759918213,False,0.1,64,0.1,64
['k8s02'],1,0,11,11,9.52947998046875,False,0.1,64,0.1,64
['k8s02'],1,0,12,12,10.59068751335144,False,0.1,64,0.1,64
['k8s02'],1,0,13,13,11.191699981689453,False,0.1,64,0.1,64
['k8s02'],1,0,14,14,11.896412134170532,False,0.1,64,0.1,64
['k8s02'],1,0,15,15,13.563597917556763,False,0.1,64,0.1,64
['k8s02'],1,0,16,16,14.783493518829346,False,0.1,64,0.1,64
['k8s02'],1,0,17,17,15.726080656051636,False,0.1,64,0.1,64
['k8s02'],1,0,18,18,16.605525970458984,False,0.1,64,0.1,64
['k8s02'],1,0,19,19,17.337265014648438,False,0.1,64,0.1,64
['k8s02'],1,0,20,20,17.356252193450928,False,0.1,64,0.1,64
['k8s02'],1,0,0,0,0.033698320388793945,False,0.1,64,0.1,64
['k8s02'],1,0,1,1,2.295647382736206,False,0.1,64,0.1,64
['k8s02'],1,0,2,2,2.358461618423462,False,0.1,64,0.1,64
['k8s02'],1,0,3,3,2.4691734313964844,False,0.1,64,0.1,64
['k8s02'],1,0,4,4,2.367217779159546,False,0.1,64,0.1,64
['k8s02'],1,0,5,5,3.5262534618377686,False,0.1,64,0.1,64
['k8s02'],1,0,6,6,4.352041482925415,False,0.1,64,0.1,64
['k8s02'],1,0,7,7,5.344550609588623,False,0.1,64,0.1,64
['k8s02'],1,0,8,8,6.33182692527771,False,0.1,64,0.1,64
['k8s02'],1,0,9,9,7.616274356842041,False,0.1,64,0.1,64
['k8s02'],1,0,10,10,8.553897857666016,False,0.1,64,0.1,64
['k8s02'],1,0,11,11,9.612515211105347,False,0.1,64,0.1,64
['k8s02'],1,0,12,12,9.995513916015625,False,0.1,64,0.1,64
['k8s02'],1,0,13,13,11.597106218338013,False,0.1,64,0.1,64
['k8s02'],1,0,14,14,12.550478458404541,False,0.1,64,0.1,64
['k8s02'],1,0,15,15,12.971909999847412,False,0.1,64,0.1,64
['k8s02'],1,0,16,16,13.779122829437256,False,0.1,64,0.1,64
['k8s02'],1,0,17,17,14.20762300491333,False,0.1,64,0.1,64
['k8s02'],1,0,18,18,15.992644548416138,False,0.1,64,0.1,64
['k8s02'],1,0,19,19,17.38632297515869,False,0.1,64,0.1,64
['k8s02'],1,0,20,20,17.333739042282104,False,0.1,64,0.1,64
['k8s02'],1,0,0,0,0.0317232608795166,False,0.1,64,0.1,64
['k8s02'],1,0,1,1,2.356743335723877,False,0.1,64,0.1,64
['k8s02'],1,0,2,2,2.406815767288208,False,0.1,64,0.1,64
['k8s02'],1,0,3,3,2.9067678451538086,False,0.1,64,0.1,64
['k8s02'],1,0,4,4,3.1653218269348145,False,0.1,64,0.1,64
['k8s02'],1,0,5,5,4.000186920166016,False,0.1,64,0.1,64
['k8s02'],1,0,6,6,4.334373474121094,False,0.1,64,0.1,64
['k8s02'],1,0,7,7,5.584385871887207,False,0.1,64,0.1,64
['k8s02'],1,0,8,8,6.333397388458252,False,0.1,64,0.1,64
['k8s02'],1,0,9,9,7.33060097694397,False,0.1,64,0.1,64
['k8s02'],1,0,10,10,8.526724338531494,False,0.1,64,0.1,64
['k8s02'],1,0,11,11,9.505848407745361,False,0.1,64,0.1,64
['k8s02'],1,0,12,12,10.400017261505127,False,0.1,64,0.1,64
['k8s02'],1,0,13,13,11.11887240409851,False,0.1,64,0.1,64
['k8s02'],1,0,14,14,11.109576225280762,False,0.1,64,0.1,64
['k8s02'],1,0,15,15,12.36832332611084,False,0.1,64,0.1,64
['k8s02'],1,0,16,16,13.160117864608765,False,0.1,64,0.1,64
['k8s02'],1,0,17,17,15.515957832336426,False,0.1,64,0.1,64
['k8s02'],1,0,18,18,15.364444494247437,False,0.1,64,0.1,64
['k8s02'],1,0,19,19,17.53553032875061,False,0.1,64,0.1,64
['k8s02'],1,0,20,20,15.001014947891235,False,0.1,64,0.1,64
['k8s02'],1,0,0,0,0.03864121437072754,False,0.1,64,0.1,64
['k8s02'],1,0,1,1,2.371227979660034,False,0.1,64,0.1,64
['k8s02'],1,0,2,2,2.4743316173553467,False,0.1,64,0.1,64
['k8s02'],1,0,3,3,2.604679584503174,False,0.1,64,0.1,64
['k8s02'],1,0,4,4,2.9058403968811035,False,0.1,64,0.1,64
['k8s02'],1,0,5,5,3.379225730895996,False,0.1,64,0.1,64
['k8s02'],1,0,6,6,4.348310232162476,False,0.1,64,0.1,64
['k8s02'],1,0,7,7,5.409787178039551,False,0.1,64,0.1,64
['k8s02'],1,0,8,8,6.518147230148315,False,0.1,64,0.1,64
['k8s02'],1,0,9,9,7.614651918411255,False,0.1,64,0.1,64
['k8s02'],1,0,10,10,8.352313041687012,False,0.1,64,0.1,64
['k8s02'],1,0,11,11,9.334895849227905,False,0.1,64,0.1,64
['k8s02'],1,0,12,12,10.559371709823608,False,0.1,64,0.1,64
['k8s02'],1,0,13,13,11.525227308273315,False,0.1,64,0.1,64
['k8s02'],1,0,14,14,12.592406034469604,False,0.1,64,0.1,64
['k8s02'],1,0,15,15,13.563455581665039,False,0.1,64,0.1,64
['k8s02'],1,0,16,16,14.619459629058838,False,0.1,64,0.1,64
['k8s02'],1,0,17,17,14.154848337173462,False,0.1,64,0.1,64
['k8s02'],1,0,18,18,15.93234395980835,False,0.1,64,0.1,64
['k8s02'],1,0,19,19,16.41011929512024,False,0.1,64,0.1,64
['k8s02'],1,0,20,20,17.11375069618225,False,0.1,64,0.1,64
['k8s02'],1,0,0,0,0.0366816520690918,False,0.1,64,0.1,64
['k8s02'],1,0,1,1,2.907614231109619,False,0.1,64,0.1,64
['k8s02'],1,0,2,2,2.4713134765625,False,0.1,64,0.1,64
['k8s02'],1,0,3,3,2.606558084487915,False,0.1,64,0.1,64
['k8s02'],1,0,4,4,3.5565078258514404,False,0.1,64,0.1,64
['k8s02'],1,0,5,5,3.475736379623413,False,0.1,64,0.1,64
['k8s02'],1,0,6,6,4.313979387283325,False,0.1,64,0.1,64
['k8s02'],1,0,7,7,5.613277435302734,False,0.1,64,0.1,64
['k8s02'],1,0,8,8,6.556497812271118,False,0.1,64,0.1,64
['k8s02'],1,0,9,9,7.506371736526489,False,0.1,64,0.1,64
['k8s02'],1,0,10,10,8.161065101623535,False,0.1,64,0.1,64
['k8s02'],1,0,11,11,9.348471641540527,False,0.1,64,0.1,64
['k8s02'],1,0,12,12,10.58863615989685,False,0.1,64,0.1,64
['k8s02'],1,0,13,13,11.3980553150177,False,0.1,64,0.1,64
['k8s02'],1,0,14,14,11.179515600204468,False,0.1,64,0.1,64
['k8s02'],1,0,15,15,12.78215479850769,False,0.1,64,0.1,64
['k8s02'],1,0,16,16,14.315460443496704,False,0.1,64,0.1,64
['k8s02'],1,0,17,17,15.367140293121338,False,0.1,64,0.1,64
['k8s02'],1,0,18,18,16.573200941085815,False,0.1,64,0.1,64
['k8s02'],1,0,19,19,17.550884008407593,False,0.1,64,0.1,64
['k8s02'],1,0,20,20,15.928350925445557,False,0.1,64,0.1,64
['k8s02'],1,0,0,0,0.03490257263183594,False,0.1,64,0.1,64
['k8s02'],1,0,1,1,2.251220464706421,False,0.1,64,0.1,64
['k8s02'],1,0,2,2,2.462080955505371,False,0.1,64,0.1,64
['k8s02'],1,0,3,3,2.4926528930664062,False,0.1,64,0.1,64
['k8s02'],1,0,4,4,3.450747013092041,False,0.1,64,0.1,64
['k8s02'],1,0,5,5,3.4103126525878906,False,0.1,64,0.1,64
['k8s02'],1,0,6,6,4.407736539840698,False,0.1,64,0.1,64
['k8s02'],1,0,7,7,5.618403911590576,False,0.1,64,0.1,64
['k8s02'],1,0,8,8,6.497452974319458,False,0.1,64,0.1,64
['k8s02'],1,0,9,9,7.59898567199707,False,0.1,64,0.1,64
['k8s02'],1,0,10,10,8.756699800491333,False,0.1,64,0.1,64
['k8s02'],1,0,11,11,9.510692358016968,False,0.1,64,0.1,64
['k8s02'],1,0,12,12,10.39301609992981,False,0.1,64,0.1,64
['k8s02'],1,0,13,13,11.15033507347107,False,0.1,64,0.1,64
['k8s02'],1,0,14,14,11.177293300628662,False,0.1,64,0.1,64
['k8s02'],1,0,15,15,13.814446210861206,False,0.1,64,0.1,64
['k8s02'],1,0,16,16,14.59945273399353,False,0.1,64,0.1,64
['k8s02'],1,0,17,17,14.817062854766846,False,0.1,64,0.1,64
['k8s02'],1,0,18,18,14.347475051879883,False,0.1,64,0.1,64
['k8s02'],1,0,19,19,17.62568163871765,False,0.1,64,0.1,64
['k8s02'],1,0,20,20,17.21974492073059,False,0.1,64,0.1,64
['k8s02'],1,0,0,0,0.043123722076416016,False,0.1,64,0.1,64
['k8s02'],1,0,1,1,2.609900951385498,False,0.1,64,0.1,64
['k8s02'],1,0,2,2,2.575916290283203,False,0.1,64,0.1,64
['k8s02'],1,0,3,3,2.4396636486053467,False,0.1,64,0.1,64
['k8s02'],1,0,4,4,2.582486867904663,False,0.1,64,0.1,64
['k8s02'],1,0,5,5,3.925046443939209,False,0.1,64,0.1,64
['k8s02'],1,0,6,6,4.3638386726379395,False,0.1,64,0.1,64
['k8s02'],1,0,7,7,5.381747484207153,False,0.1,64,0.1,64
['k8s02'],1,0,8,8,6.3459882736206055,False,0.1,64,0.1,64
['k8s02'],1,0,9,9,7.613568067550659,False,0.1,64,0.1,64
['k8s02'],1,0,10,10,8.350177764892578,False,0.1,64,0.1,64
['k8s02'],1,0,11,11,9.8621826171875,False,0.1,64,0.1,64
['k8s02'],1,0,12,12,10.603507280349731,False,0.1,64,0.1,64
['k8s02'],1,0,13,13,11.593589067459106,False,0.1,64,0.1,64
['k8s02'],1,0,14,14,12.777528285980225,False,0.1,64,0.1,64
['k8s02'],1,0,15,15,13.56079626083374,False,0.1,64,0.1,64
['k8s02'],1,0,16,16,14.417201519012451,False,0.1,64,0.1,64
['k8s02'],1,0,17,17,15.363364696502686,False,0.1,64,0.1,64
['k8s02'],1,0,18,18,16.601680517196655,False,0.1,64,0.1,64
['k8s02'],1,0,19,19,17.81172466278076,False,0.1,64,0.1,64
['k8s02'],1,0,20,20,15.133012294769287,False,0.1,64,0.1,64
['k8s02'],1,0,0,0,0.03378033638000488,False,0.1,64,0.1,64
['k8s02'],1,0,1,1,2.9963767528533936,False,0.1,64,0.1,64
['k8s02'],1,0,2,2,2.441312551498413,False,0.1,64,0.1,64
['k8s02'],1,0,3,3,2.5728323459625244,False,0.1,64,0.1,64
['k8s02'],1,0,4,4,2.4570746421813965,False,0.1,64,0.1,64
['k8s02'],1,0,5,5,3.941563844680786,False,0.1,64,0.1,64
['k8s02'],1,0,6,6,4.406681537628174,False,0.1,64,0.1,64
['k8s02'],1,0,7,7,5.582167863845825,False,0.1,64,0.1,64
['k8s02'],1,0,8,8,6.565915584564209,False,0.1,64,0.1,64
['k8s02'],1,0,9,9,7.550356864929199,False,0.1,64,0.1,64
['k8s02'],1,0,10,10,8.40529179573059,False,0.1,64,0.1,64
['k8s02'],1,0,11,11,9.35936427116394,False,0.1,64,0.1,64
['k8s02'],1,0,12,12,10.176361083984375,False,0.1,64,0.1,64
['k8s02'],1,0,13,13,10.957051038742065,False,0.1,64,0.1,64
['k8s02'],1,0,14,14,11.188448190689087,False,0.1,64,0.1,64
['k8s02'],1,0,15,15,12.551328182220459,False,0.1,64,0.1,64
['k8s02'],1,0,16,16,13.743813276290894,False,0.1,64,0.1,64
['k8s02'],1,0,17,17,15.54011058807373,False,0.1,64,0.1,64
['k8s02'],1,0,18,18,15.521848440170288,False,0.1,64,0.1,64
['k8s02'],1,0,19,19,16.210826635360718,False,0.1,64,0.1,64
['k8s02'],1,0,20,20,18.37255048751831,False,0.1,64,0.1,64
['k8s02'],1,0,0,0,0.04080510139465332,False,0.1,64,0.1,64
['k8s02'],1,0,1,1,2.9340531826019287,False,0.1,64,0.1,64
['k8s02'],1,0,2,2,2.475229263305664,False,0.1,64,0.1,64
['k8s02'],1,0,3,3,2.4643514156341553,False,0.1,64,0.1,64
['k8s02'],1,0,4,4,2.3723039627075195,False,0.1,64,0.1,64
['k8s02'],1,0,5,5,3.4773659706115723,False,0.1,64,0.1,64
['k8s02'],1,0,6,6,4.351382255554199,False,0.1,64,0.1,64
['k8s02'],1,0,7,7,5.606581211090088,False,0.1,64,0.1,64
['k8s02'],1,0,8,8,6.609105587005615,False,0.1,64,0.1,64
['k8s02'],1,0,9,9,7.538918733596802,False,0.1,64,0.1,64
['k8s02'],1,0,10,10,8.359586000442505,False,0.1,64,0.1,64
['k8s02'],1,0,11,11,9.370542764663696,False,0.1,64,0.1,64
['k8s02'],1,0,12,12,10.560764074325562,False,0.1,64,0.1,64
['k8s02'],1,0,13,13,11.198548555374146,False,0.1,64,0.1,64
['k8s02'],1,0,14,14,11.94822359085083,False,0.1,64,0.1,64
['k8s02'],1,0,15,15,12.318035125732422,False,0.1,64,0.1,64
['k8s02'],1,0,16,16,14.353953123092651,False,0.1,64,0.1,64
['k8s02'],1,0,17,17,15.13382601737976,False,0.1,64,0.1,64
['k8s02'],1,0,18,18,16.538194179534912,False,0.1,64,0.1,64
['k8s02'],1,0,19,19,17.346783876419067,False,0.1,64,0.1,64
['k8s02'],1,0,20,20,16.024709939956665,False,0.1,64,0.1,64
"['k8s02', 'k8s03', 'k8s04']",3,0,0,0,0.03721308708190918,False,0.1,64,0.1,64
"['k8s02', 'k8s03', 'k8s04']",3,0,1,1,2.1304945945739746,False,0.1,64,0.1,64
"['k8s02', 'k8s03', 'k8s04']",3,0,2,2,2.368459463119507,False,0.1,64,0.1,64
"['k8s02', 'k8s03', 'k8s04']",3,0,3,3,2.71032452583313,False,0.1,64,0.1,64
"['k8s02', 'k8s03', 'k8s04']",3,0,4,4,2.527214527130127,False,0.1,64,0.1,64
"['k8s02', 'k8s03', 'k8s04']",3,0,5,5,2.836427927017212,False,0.1,64,0.1,64
"['k8s02', 'k8s03', 'k8s04']",3,0,6,6,3.357595682144165,False,0.1,64,0.1,64
"['k8s02', 'k8s03', 'k8s04']",3,0,7,7,3.0726139545440674,False,0.1,64,0.1,64
"['k8s02', 'k8s03', 'k8s04']",3,0,8,8,2.8429336547851562,False,0.1,64,0.1,64
"['k8s02', 'k8s03', 'k8s04']",3,0,9,9,3.0570321083068848,False,0.1,64,0.1,64
"['k8s02', 'k8s03', 'k8s04']",3,0,10,10,4.115013599395752,False,0.1,64,0.1,64
"['k8s02', 'k8s03', 'k8s04']",3,0,11,11,3.384216785430908,False,0.1,64,0.1,64
"['k8s02', 'k8s03', 'k8s04']",3,0,12,12,3.9182422161102295,False,0.1,64,0.1,64
"['k8s02', 'k8s03', 'k8s04']",3,0,13,13,4.340134382247925,False,0.1,64,0.1,64
"['k8s02', 'k8s03', 'k8s04']",3,0,14,14,4.3241355419158936,False,0.1,64,0.1,64
"['k8s02', 'k8s03', 'k8s04']",3,0,15,15,5.422631502151489,False,0.1,64,0.1,64
"['k8s02', 'k8s03', 'k8s04']",3,0,16,16,5.3558008670806885,False,0.1,64,0.1,64
"['k8s02', 'k8s03', 'k8s04']",3,0,17,17,5.358806133270264,False,0.1,64,0.1,64
"['k8s02', 'k8s03', 'k8s04']",3,0,18,18,5.558058738708496,False,0.1,64,0.1,64
"['k8s02', 'k8s03', 'k8s04']",3,0,19,19,6.600177049636841,False,0.1,64,0.1,64
"['k8s02', 'k8s03', 'k8s04']",3,0,20,20,6.651974439620972,False,0.1,64,0.1,64
"['k8s02', 'k8s03', 'k8s04', 'k8s05', 'k8s06', 'k8s07', 'k8s08']",7,0,0,0,0.041249752044677734,False,0.1,64,0.1,64
"['k8s02', 'k8s03', 'k8s04', 'k8s05', 'k8s06', 'k8s07', 'k8s08']",7,0,1,1,2.455434799194336,False,0.1,64,0.1,64
"['k8s02', 'k8s03', 'k8s04', 'k8s05', 'k8s06', 'k8s07', 'k8s08']",7,0,2,2,2.303133487701416,False,0.1,64,0.1,64
"['k8s02', 'k8s03', 'k8s04', 'k8s05', 'k8s06', 'k8s07', 'k8s08']",7,0,3,3,2.701686143875122,False,0.1,64,0.1,64
"['k8s02', 'k8s03', 'k8s04', 'k8s05', 'k8s06', 'k8s07', 'k8s08']",7,0,4,4,3.075101375579834,False,0.1,64,0.1,64
"['k8s02', 'k8s03', 'k8s04', 'k8s05', 'k8s06', 'k8s07', 'k8s08']",7,0,5,5,2.838763475418091,False,0.1,64,0.1,64
"['k8s02', 'k8s03', 'k8s04', 'k8s05', 'k8s06', 'k8s07', 'k8s08']",7,0,6,6,2.5218183994293213,False,0.1,64,0.1,64
"['k8s02', 'k8s03', 'k8s04', 'k8s05', 'k8s06', 'k8s07', 'k8s08']",7,0,7,7,2.6079020500183105,False,0.1,64,0.1,64
"['k8s02', 'k8s03', 'k8s04', 'k8s05', 'k8s06', 'k8s07', 'k8s08']",7,0,8,8,2.787220001220703,False,0.1,64,0.1,64
"['k8s02', 'k8s03', 'k8s04', 'k8s05', 'k8s06', 'k8s07', 'k8s08']",7,0,9,9,2.715028762817383,False,0.1,64,0.1,64
"['k8s02', 'k8s03', 'k8s04', 'k8s05', 'k8s06', 'k8s07', 'k8s08']",7,0,10,10,3.0779929161071777,False,0.1,64,0.1,64
"['k8s02', 'k8s03', 'k8s04', 'k8s05', 'k8s06', 'k8s07', 'k8s08']",7,0,11,11,3.2900309562683105,False,0.1,64,0.1,64
"['k8s02', 'k8s03', 'k8s04', 'k8s05', 'k8s06', 'k8s07', 'k8s08']",7,0,12,12,2.8745546340942383,False,0.1,64,0.1,64
"['k8s02', 'k8s03', 'k8s04', 'k8s05', 'k8s06', 'k8s07', 'k8s08']",7,0,13,13,3.4037890434265137,False,0.1,64,0.1,64
"['k8s02', 'k8s03', 'k8s04', 'k8s05', 'k8s06', 'k8s07', 'k8s08']",7,0,14,14,2.875432014465332,False,0.1,64,0.1,64
"['k8s02', 'k8s03', 'k8s04', 'k8s05', 'k8s06', 'k8s07', 'k8s08']",7,0,15,15,3.6763856410980225,False,0.1,64,0.1,64
"['k8s02', 'k8s03', 'k8s04', 'k8s05', 'k8s06', 'k8s07', 'k8s08']",7,0,16,16,3.855156421661377,False,0.1,64,0.1,64
"['k8s02', 'k8s03', 'k8s04', 'k8s05', 'k8s06', 'k8s07', 'k8s08']",7,0,17,17,3.997406005859375,False,0.1,64,0.1,64
"['k8s02', 'k8s03', 'k8s04', 'k8s05', 'k8s06', 'k8s07', 'k8s08']",7,0,18,18,3.9614923000335693,False,0.1,64,0.1,64
"['k8s02', 'k8s03', 'k8s04', 'k8s05', 'k8s06', 'k8s07', 'k8s08']",7,0,19,19,4.371296405792236,False,0.1,64,0.1,64
"['k8s02', 'k8s03', 'k8s04', 'k8s05', 'k8s06', 'k8s07', 'k8s08']",7,0,20,20,4.378637075424194,False,0.1,64,0.1,64
"['k8s02', 'k8s03', 'k8s04']",3,0,0,0,0.043549537658691406,False,0.1,64,0.1,64
"['k8s02', 'k8s03', 'k8s04']",3,0,1,1,2.3663055896759033,False,0.1,64,0.1,64
"['k8s02', 'k8s03', 'k8s04']",3,0,2,2,2.492025136947632,False,0.1,64,0.1,64
"['k8s02', 'k8s03', 'k8s04']",3,0,3,3,2.531346082687378,False,0.1,64,0.1,64
"['k8s02', 'k8s03', 'k8s04']",3,0,4,4,2.408055067062378,False,0.1,64,0.1,64
"['k8s02', 'k8s03', 'k8s04']",3,0,5,5,2.504545211791992,False,0.1,64,0.1,64
"['k8s02', 'k8s03', 'k8s04']",3,0,6,6,3.0284507274627686,False,0.1,64,0.1,64
"['k8s02', 'k8s03', 'k8s04']",3,0,7,7,2.6747334003448486,False,0.1,64,0.1,64
"['k8s02', 'k8s03', 'k8s04']",3,0,8,8,3.210540533065796,False,0.1,64,0.1,64
"['k8s02', 'k8s03', 'k8s04']",3,0,9,9,2.849705219268799,False,0.1,64,0.1,64
"['k8s02', 'k8s03', 'k8s04']",3,0,10,10,3.0497593879699707,False,0.1,64,0.1,64
"['k8s02', 'k8s03', 'k8s04']",3,0,11,11,4.146525859832764,False,0.1,64,0.1,64
"['k8s02', 'k8s03', 'k8s04']",3,0,12,12,4.290583610534668,False,0.1,64,0.1,64
"['k8s02', 'k8s03', 'k8s04']",3,0,13,13,4.582827091217041,False,0.1,64,0.1,64
"['k8s02', 'k8s03', 'k8s04']",3,0,14,14,4.5656092166900635,False,0.1,64,0.1,64
"['k8s02', 'k8s03', 'k8s04']",3,0,15,15,4.373192071914673,False,0.1,64,0.1,64
"['k8s02', 'k8s03', 'k8s04']",3,0,16,16,5.560230255126953,False,0.1,64,0.1,64
"['k8s02', 'k8s03', 'k8s04']",3,0,17,17,5.454206466674805,False,0.1,64,0.1,64
"['k8s02', 'k8s03', 'k8s04']",3,0,18,18,5.30643367767334,False,0.1,64,0.1,64
"['k8s02', 'k8s03', 'k8s04']",3,0,19,19,5.622116327285767,False,0.1,64,0.1,64
"['k8s02', 'k8s03', 'k8s04']",3,0,20,20,5.726113557815552,False,0.1,64,0.1,64
"['k8s02', 'k8s03', 'k8s04', 'k8s05', 'k8s06', 'k8s07', 'k8s08']",7,0,0,0,0.03882956504821777,False,0.1,64,0.1,64
"['k8s02', 'k8s03', 'k8s04', 'k8s05', 'k8s06', 'k8s07', 'k8s08']",7,0,1,1,2.514754295349121,False,0.1,64,0.1,64
"['k8s02', 'k8s03', 'k8s04', 'k8s05', 'k8s06', 'k8s07', 'k8s08']",7,0,2,2,2.279529094696045,False,0.1,64,0.1,64
"['k8s02', 'k8s03', 'k8s04', 'k8s05', 'k8s06', 'k8s07', 'k8s08']",7,0,3,3,2.5011582374572754,False,0.1,64,0.1,64
"['k8s02', 'k8s03', 'k8s04', 'k8s05', 'k8s06', 'k8s07', 'k8s08']",7,0,4,4,3.155653715133667,False,0.1,64,0.1,64
"['k8s02', 'k8s03', 'k8s04', 'k8s05', 'k8s06', 'k8s07', 'k8s08']",7,0,5,5,2.732712507247925,False,0.1,64,0.1,64
"['k8s02', 'k8s03', 'k8s04', 'k8s05', 'k8s06', 'k8s07', 'k8s08']",7,0,6,6,3.173809766769409,False,0.1,64,0.1,64
"['k8s02', 'k8s03', 'k8s04', 'k8s05', 'k8s06', 'k8s07', 'k8s08']",7,0,7,7,2.9733266830444336,False,0.1,64,0.1,64
"['k8s02', 'k8s03', 'k8s04', 'k8s05', 'k8s06', 'k8s07', 'k8s08']",7,0,8,8,3.24975848197937,False,0.1,64,0.1,64
"['k8s02', 'k8s03', 'k8s04', 'k8s05', 'k8s06', 'k8s07', 'k8s08']",7,0,9,9,3.0624005794525146,False,0.1,64,0.1,64
"['k8s02', 'k8s03', 'k8s04', 'k8s05', 'k8s06', 'k8s07', 'k8s08']",7,0,10,10,2.9370107650756836,False,0.1,64,0.1,64
"['k8s02', 'k8s03', 'k8s04', 'k8s05', 'k8s06', 'k8s07', 'k8s08']",7,0,11,11,3.44281005859375,False,0.1,64,0.1,64
"['k8s02', 'k8s03', 'k8s04', 'k8s05', 'k8s06', 'k8s07', 'k8s08']",7,0,12,12,3.1704931259155273,False,0.1,64,0.1,64
"['k8s02', 'k8s03', 'k8s04', 'k8s05', 'k8s06', 'k8s07', 'k8s08']",7,0,13,13,3.1789889335632324,False,0.1,64,0.1,64
"['k8s02', 'k8s03', 'k8s04', 'k8s05', 'k8s06', 'k8s07', 'k8s08']",7,0,14,14,3.7333624362945557,False,0.1,64,0.1,64
"['k8s02', 'k8s03', 'k8s04', 'k8s05', 'k8s06', 'k8s07', 'k8s08']",7,0,15,15,3.235609292984009,False,0.1,64,0.1,64
"['k8s02', 'k8s03', 'k8s04', 'k8s05', 'k8s06', 'k8s07', 'k8s08']",7,0,16,16,4.364275932312012,False,0.1,64,0.1,64
"['k8s02', 'k8s03', 'k8s04', 'k8s05', 'k8s06', 'k8s07', 'k8s08']",7,0,17,17,4.29410457611084,False,0.1,64,0.1,64
"['k8s02', 'k8s03', 'k8s04', 'k8s05', 'k8s06', 'k8s07', 'k8s08']",7,0,18,18,3.397874593734741,False,0.1,64,0.1,64
"['k8s02', 'k8s03', 'k8s04', 'k8s05', 'k8s06', 'k8s07', 'k8s08']",7,0,19,19,4.369823694229126,False,0.1,64,0.1,64
"['k8s02', 'k8s03', 'k8s04', 'k8s05', 'k8s06', 'k8s07', 'k8s08']",7,0,20,20,4.316177606582642,False,0.1,64,0.1,64
"['k8s02', 'k8s03', 'k8s04']",3,0,0,0,0.03723740577697754,False,0.1,64,0.1,64
"['k8s02', 'k8s03', 'k8s04']",3,0,1,1,2.358865976333618,False,0.1,64,0.1,64
"['k8s02', 'k8s03', 'k8s04']",3,0,2,2,2.390446186065674,False,0.1,64,0.1,64
"['k8s02', 'k8s03', 'k8s04']",3,0,3,3,2.395021915435791,False,0.1,64,0.1,64
"['k8s02', 'k8s03', 'k8s04']",3,0,4,4,2.8295445442199707,False,0.1,64,0.1,64
"['k8s02', 'k8s03', 'k8s04']",3,0,5,5,2.4673268795013428,False,0.1,64,0.1,64
"['k8s02', 'k8s03', 'k8s04']",3,0,6,6,3.0536272525787354,False,0.1,64,0.1,64
"['k8s02', 'k8s03', 'k8s04']",3,0,7,7,2.9635422229766846,False,0.1,64,0.1,64
"['k8s02', 'k8s03', 'k8s04']",3,0,8,8,3.1659576892852783,False,0.1,64,0.1,64
"['k8s02', 'k8s03', 'k8s04']",3,0,9,9,3.2839174270629883,False,0.1,64,0.1,64
"['k8s02', 'k8s03', 'k8s04']",3,0,10,10,3.217214822769165,False,0.1,64,0.1,64
"['k8s02', 'k8s03', 'k8s04']",3,0,11,11,4.061925649642944,False,0.1,64,0.1,64
"['k8s02', 'k8s03', 'k8s04']",3,0,12,12,3.6589982509613037,False,0.1,64,0.1,64
"['k8s02', 'k8s03', 'k8s04']",3,0,13,13,4.3500566482543945,False,0.1,64,0.1,64
"['k8s02', 'k8s03', 'k8s04']",3,0,14,14,4.720680475234985,False,0.1,64,0.1,64
"['k8s02', 'k8s03', 'k8s04']",3,0,15,15,5.345378875732422,False,0.1,64,0.1,64
"['k8s02', 'k8s03', 'k8s04']",3,0,16,16,5.416687965393066,False,0.1,64,0.1,64
"['k8s02', 'k8s03', 'k8s04']",3,0,17,17,5.347778558731079,False,0.1,64,0.1,64
"['k8s02', 'k8s03', 'k8s04']",3,0,18,18,5.414264917373657,False,0.1,64,0.1,64
"['k8s02', 'k8s03', 'k8s04']",3,0,19,19,6.600163459777832,False,0.1,64,0.1,64
"['k8s02', 'k8s03', 'k8s04']",3,0,20,20,6.609031677246094,False,0.1,64,0.1,64
"['k8s02', 'k8s03', 'k8s04', 'k8s05', 'k8s06', 'k8s07', 'k8s08']",7,0,0,0,0.0364375114440918,False,0.1,64,0.1,64
"['k8s02', 'k8s03', 'k8s04', 'k8s05', 'k8s06', 'k8s07', 'k8s08']",7,0,1,1,2.3556504249572754,False,0.1,64,0.1,64
"['k8s02', 'k8s03', 'k8s04', 'k8s05', 'k8s06', 'k8s07', 'k8s08']",7,0,2,2,2.469953775405884,False,0.1,64,0.1,64
"['k8s02', 'k8s03', 'k8s04', 'k8s05', 'k8s06', 'k8s07', 'k8s08']",7,0,3,3,2.5067737102508545,False,0.1,64,0.1,64
"['k8s02', 'k8s03', 'k8s04', 'k8s05', 'k8s06', 'k8s07', 'k8s08']",7,0,4,4,2.84561824798584,False,0.1,64,0.1,64
"['k8s02', 'k8s03', 'k8s04', 'k8s05', 'k8s06', 'k8s07', 'k8s08']",7,0,5,5,2.5820119380950928,False,0.1,64,0.1,64
"['k8s02', 'k8s03', 'k8s04', 'k8s05', 'k8s06', 'k8s07', 'k8s08']",7,0,6,6,3.04044508934021,False,0.1,64,0.1,64
"['k8s02', 'k8s03', 'k8s04', 'k8s05', 'k8s06', 'k8s07', 'k8s08']",7,0,7,7,2.9528069496154785,False,0.1,64,0.1,64
"['k8s02', 'k8s03', 'k8s04', 'k8s05', 'k8s06', 'k8s07', 'k8s08']",7,0,8,8,2.6627769470214844,False,0.1,64,0.1,64
"['k8s02', 'k8s03', 'k8s04', 'k8s05', 'k8s06', 'k8s07', 'k8s08']",7,0,9,9,2.6086366176605225,False,0.1,64,0.1,64
"['k8s02', 'k8s03', 'k8s04', 'k8s05', 'k8s06', 'k8s07', 'k8s08']",7,0,10,10,3.1790685653686523,False,0.1,64,0.1,64
"['k8s02', 'k8s03', 'k8s04', 'k8s05', 'k8s06', 'k8s07', 'k8s08']",7,0,11,11,3.5135247707366943,False,0.1,64,0.1,64
"['k8s02', 'k8s03', 'k8s04', 'k8s05', 'k8s06', 'k8s07', 'k8s08']",7,0,12,12,3.2829723358154297,False,0.1,64,0.1,64
"['k8s02', 'k8s03', 'k8s04', 'k8s05', 'k8s06', 'k8s07', 'k8s08']",7,0,13,13,2.9567487239837646,False,0.1,64,0.1,64
"['k8s02', 'k8s03', 'k8s04', 'k8s05', 'k8s06', 'k8s07', 'k8s08']",7,0,14,14,3.5004372596740723,False,0.1,64,0.1,64
"['k8s02', 'k8s03', 'k8s04', 'k8s05', 'k8s06', 'k8s07', 'k8s08']",7,0,15,15,2.8178341388702393,False,0.1,64,0.1,64
"['k8s02', 'k8s03', 'k8s04', 'k8s05', 'k8s06', 'k8s07', 'k8s08']",7,0,16,16,3.7447798252105713,False,0.1,64,0.1,64
"['k8s02', 'k8s03', 'k8s04', 'k8s05', 'k8s06', 'k8s07', 'k8s08']",7,0,17,17,3.656308174133301,False,0.1,64,0.1,64
"['k8s02', 'k8s03', 'k8s04', 'k8s05', 'k8s06', 'k8s07', 'k8s08']",7,0,18,18,4.132416009902954,False,0.1,64,0.1,64
"['k8s02', 'k8s03', 'k8s04', 'k8s05', 'k8s06', 'k8s07', 'k8s08']",7,0,19,19,3.622988224029541,False,0.1,64,0.1,64
"['k8s02', 'k8s03', 'k8s04', 'k8s05', 'k8s06', 'k8s07', 'k8s08']",7,0,20,20,3.424699068069458,False,0.1,64,0.1,64
"['k8s02', 'k8s03', 'k8s04']",3,0,0,0,0.03884387016296387,False,0.1,64,0.1,64
"['k8s02', 'k8s03', 'k8s04']",3,0,1,1,2.3953089714050293,False,0.1,64,0.1,64
"['k8s02', 'k8s03', 'k8s04']",3,0,2,2,2.4192190170288086,False,0.1,64,0.1,64
"['k8s02', 'k8s03', 'k8s04']",3,0,3,3,2.609480857849121,False,0.1,64,0.1,64
"['k8s02', 'k8s03', 'k8s04']",3,0,4,4,2.6921682357788086,False,0.1,64,0.1,64
"['k8s02', 'k8s03', 'k8s04']",3,0,5,5,2.5051801204681396,False,0.1,64,0.1,64
"['k8s02', 'k8s03', 'k8s04']",3,0,6,6,2.828396797180176,False,0.1,64,0.1,64
"['k8s02', 'k8s03', 'k8s04']",3,0,7,7,2.8223633766174316,False,0.1,64,0.1,64
"['k8s02', 'k8s03', 'k8s04']",3,0,8,8,3.3358240127563477,False,0.1,64,0.1,64
"['k8s02', 'k8s03', 'k8s04']",3,0,9,9,2.737943649291992,False,0.1,64,0.1,64
"['k8s02', 'k8s03', 'k8s04']",3,0,10,10,2.625284194946289,False,0.1,64,0.1,64
"['k8s02', 'k8s03', 'k8s04']",3,0,11,11,3.8521275520324707,False,0.1,64,0.1,64
"['k8s02', 'k8s03', 'k8s04']",3,0,12,12,3.818128824234009,False,0.1,64,0.1,64
"['k8s02', 'k8s03', 'k8s04']",3,0,13,13,4.336173057556152,False,0.1,64,0.1,64
"['k8s02', 'k8s03', 'k8s04']",3,0,14,14,4.405670404434204,False,0.1,64,0.1,64
"['k8s02', 'k8s03', 'k8s04']",3,0,15,15,4.6496193408966064,False,0.1,64,0.1,64
"['k8s02', 'k8s03', 'k8s04']",3,0,16,16,5.5839478969573975,False,0.1,64,0.1,64
"['k8s02', 'k8s03', 'k8s04']",3,0,17,17,5.384531259536743,False,0.1,64,0.1,64
"['k8s02', 'k8s03', 'k8s04']",3,0,18,18,5.436357259750366,False,0.1,64,0.1,64
"['k8s02', 'k8s03', 'k8s04']",3,0,19,19,5.386301517486572,False,0.1,64,0.1,64
"['k8s02', 'k8s03', 'k8s04']",3,0,20,20,5.531618118286133,False,0.1,64,0.1,64
"['k8s02', 'k8s03', 'k8s04', 'k8s05', 'k8s06', 'k8s07', 'k8s08']",7,0,0,0,0.07035708427429199,False,0.1,64,0.1,64
"['k8s02', 'k8s03', 'k8s04', 'k8s05', 'k8s06', 'k8s07', 'k8s08']",7,0,1,1,2.3556506633758545,False,0.1,64,0.1,64
"['k8s02', 'k8s03', 'k8s04', 'k8s05', 'k8s06', 'k8s07', 'k8s08']",7,0,2,2,2.4900004863739014,False,0.1,64,0.1,64
"['k8s02', 'k8s03', 'k8s04', 'k8s05', 'k8s06', 'k8s07', 'k8s08']",7,0,3,3,2.476797580718994,False,0.1,64,0.1,64
"['k8s02', 'k8s03', 'k8s04', 'k8s05', 'k8s06', 'k8s07', 'k8s08']",7,0,4,4,2.488741159439087,False,0.1,64,0.1,64
"['k8s02', 'k8s03', 'k8s04', 'k8s05', 'k8s06', 'k8s07', 'k8s08']",7,0,5,5,3.0478408336639404,False,0.1,64,0.1,64
"['k8s02', 'k8s03', 'k8s04', 'k8s05', 'k8s06', 'k8s07', 'k8s08']",7,0,6,6,2.5874204635620117,False,0.1,64,0.1,64
"['k8s02', 'k8s03', 'k8s04', 'k8s05', 'k8s06', 'k8s07', 'k8s08']",7,0,7,7,3.0798659324645996,False,0.1,64,0.1,64
"['k8s02', 'k8s03', 'k8s04', 'k8s05', 'k8s06', 'k8s07', 'k8s08']",7,0,8,8,3.2669832706451416,False,0.1,64,0.1,64
"['k8s02', 'k8s03', 'k8s04', 'k8s05', 'k8s06', 'k8s07', 'k8s08']",7,0,9,9,3.5098814964294434,False,0.1,64,0.1,64
"['k8s02', 'k8s03', 'k8s04', 'k8s05', 'k8s06', 'k8s07', 'k8s08']",7,0,10,10,3.171082019805908,False,0.1,64,0.1,64
"['k8s02', 'k8s03', 'k8s04', 'k8s05', 'k8s06', 'k8s07', 'k8s08']",7,0,11,11,3.282268762588501,False,0.1,64,0.1,64
"['k8s02', 'k8s03', 'k8s04', 'k8s05', 'k8s06', 'k8s07', 'k8s08']",7,0,12,12,2.9806432723999023,False,0.1,64,0.1,64
"['k8s02', 'k8s03', 'k8s04', 'k8s05', 'k8s06', 'k8s07', 'k8s08']",7,0,13,13,2.9657094478607178,False,0.1,64,0.1,64
"['k8s02', 'k8s03', 'k8s04', 'k8s05', 'k8s06', 'k8s07', 'k8s08']",7,0,14,14,3.309922695159912,False,0.1,64,0.1,64
"['k8s02', 'k8s03', 'k8s04', 'k8s05', 'k8s06', 'k8s07', 'k8s08']",7,0,15,15,2.879547595977783,False,0.1,64,0.1,64
"['k8s02', 'k8s03', 'k8s04', 'k8s05', 'k8s06', 'k8s07', 'k8s08']",7,0,16,16,4.213690519332886,False,0.1,64,0.1,64
"['k8s02', 'k8s03', 'k8s04', 'k8s05', 'k8s06', 'k8s07', 'k8s08']",7,0,17,17,3.4226303100585938,False,0.1,64,0.1,64
"['k8s02', 'k8s03', 'k8s04', 'k8s05', 'k8s06', 'k8s07', 'k8s08']",7,0,18,18,4.129739999771118,False,0.1,64,0.1,64
"['k8s02', 'k8s03', 'k8s04', 'k8s05', 'k8s06', 'k8s07', 'k8s08']",7,0,19,19,4.969520568847656,False,0.1,64,0.1,64
"['k8s02', 'k8s03', 'k8s04', 'k8s05', 'k8s06', 'k8s07', 'k8s08']",7,0,20,20,4.915578842163086,False,0.1,64,0.1,64
"['k8s02', 'k8s03', 'k8s04']",3,0,0,0,0.044664859771728516,False,0.1,64,0.1,64
"['k8s02', 'k8s03', 'k8s04']",3,0,1,1,2.506915330886841,False,0.1,64,0.1,64
"['k8s02', 'k8s03', 'k8s04']",3,0,2,2,2.3631279468536377,False,0.1,64,0.1,64
"['k8s02', 'k8s03', 'k8s04']",3,0,3,3,2.584160804748535,False,0.1,64,0.1,64
"['k8s02', 'k8s03', 'k8s04']",3,0,4,4,2.615349292755127,False,0.1,64,0.1,64
"['k8s02', 'k8s03', 'k8s04']",3,0,5,5,3.0001821517944336,False,0.1,64,0.1,64
"['k8s02', 'k8s03', 'k8s04']",3,0,6,6,3.169135808944702,False,0.1,64,0.1,64
"['k8s02', 'k8s03', 'k8s04']",3,0,7,7,3.1932528018951416,False,0.1,64,0.1,64
"['k8s02', 'k8s03', 'k8s04']",3,0,8,8,3.287731885910034,False,0.1,64,0.1,64
"['k8s02', 'k8s03', 'k8s04']",3,0,9,9,3.276979923248291,False,0.1,64,0.1,64
"['k8s02', 'k8s03', 'k8s04']",3,0,10,10,3.481194019317627,False,0.1,64,0.1,64
"['k8s02', 'k8s03', 'k8s04']",3,0,11,11,4.138885021209717,False,0.1,64,0.1,64
"['k8s02', 'k8s03', 'k8s04']",3,0,12,12,4.283661365509033,False,0.1,64,0.1,64
"['k8s02', 'k8s03', 'k8s04']",3,0,13,13,4.575743913650513,False,0.1,64,0.1,64
"['k8s02', 'k8s03', 'k8s04']",3,0,14,14,4.388829231262207,False,0.1,64,0.1,64
"['k8s02', 'k8s03', 'k8s04']",3,0,15,15,5.609973669052124,False,0.1,64,0.1,64
"['k8s02', 'k8s03', 'k8s04']",3,0,16,16,5.364465713500977,False,0.1,64,0.1,64
"['k8s02', 'k8s03', 'k8s04']",3,0,17,17,5.759670734405518,False,0.1,64,0.1,64
"['k8s02', 'k8s03', 'k8s04']",3,0,18,18,5.4295737743377686,False,0.1,64,0.1,64
"['k8s02', 'k8s03', 'k8s04']",3,0,19,19,6.4231414794921875,False,0.1,64,0.1,64
"['k8s02', 'k8s03', 'k8s04']",3,0,20,20,6.417638778686523,False,0.1,64,0.1,64
"['k8s02', 'k8s03', 'k8s04', 'k8s05', 'k8s06', 'k8s07', 'k8s08']",7,0,0,0,0.03587031364440918,False,0.1,64,0.1,64
"['k8s02', 'k8s03', 'k8s04', 'k8s05', 'k8s06', 'k8s07', 'k8s08']",7,0,1,1,2.6419479846954346,False,0.1,64,0.1,64
"['k8s02', 'k8s03', 'k8s04', 'k8s05', 'k8s06', 'k8s07', 'k8s08']",7,0,2,2,2.5853431224823,False,0.1,64,0.1,64
"['k8s02', 'k8s03', 'k8s04', 'k8s05', 'k8s06', 'k8s07', 'k8s08']",7,0,3,3,2.4825563430786133,False,0.1,64,0.1,64
"['k8s02', 'k8s03', 'k8s04', 'k8s05', 'k8s06', 'k8s07', 'k8s08']",7,0,4,4,3.0980212688446045,False,0.1,64,0.1,64
"['k8s02', 'k8s03', 'k8s04', 'k8s05', 'k8s06', 'k8s07', 'k8s08']",7,0,5,5,2.616786003112793,False,0.1,64,0.1,64
"['k8s02', 'k8s03', 'k8s04', 'k8s05', 'k8s06', 'k8s07', 'k8s08']",7,0,6,6,2.5873708724975586,False,0.1,64,0.1,64
"['k8s02', 'k8s03', 'k8s04', 'k8s05', 'k8s06', 'k8s07', 'k8s08']",7,0,7,7,2.7321131229400635,False,0.1,64,0.1,64
"['k8s02', 'k8s03', 'k8s04', 'k8s05', 'k8s06', 'k8s07', 'k8s08']",7,0,8,8,3.634953022003174,False,0.1,64,0.1,64
"['k8s02', 'k8s03', 'k8s04', 'k8s05', 'k8s06', 'k8s07', 'k8s08']",7,0,9,9,3.2440526485443115,False,0.1,64,0.1,64
"['k8s02', 'k8s03', 'k8s04', 'k8s05', 'k8s06', 'k8s07', 'k8s08']",7,0,10,10,2.6121082305908203,False,0.1,64,0.1,64
"['k8s02', 'k8s03', 'k8s04', 'k8s05', 'k8s06', 'k8s07', 'k8s08']",7,0,11,11,3.1691582202911377,False,0.1,64,0.1,64
"['k8s02', 'k8s03', 'k8s04', 'k8s05', 'k8s06', 'k8s07', 'k8s08']",7,0,12,12,3.1852383613586426,False,0.1,64,0.1,64
"['k8s02', 'k8s03', 'k8s04', 'k8s05', 'k8s06', 'k8s07', 'k8s08']",7,0,13,13,3.3319077491760254,False,0.1,64,0.1,64
"['k8s02', 'k8s03', 'k8s04', 'k8s05', 'k8s06', 'k8s07', 'k8s08']",7,0,14,14,4.210375547409058,False,0.1,64,0.1,64
"['k8s02', 'k8s03', 'k8s04', 'k8s05', 'k8s06', 'k8s07', 'k8s08']",7,0,15,15,4.036833763122559,False,0.1,64,0.1,64
"['k8s02', 'k8s03', 'k8s04', 'k8s05', 'k8s06', 'k8s07', 'k8s08']",7,0,16,16,3.0865161418914795,False,0.1,64,0.1,64
"['k8s02', 'k8s03', 'k8s04', 'k8s05', 'k8s06', 'k8s07', 'k8s08']",7,0,17,17,3.6144678592681885,False,0.1,64,0.1,64
"['k8s02', 'k8s03', 'k8s04', 'k8s05', 'k8s06', 'k8s07', 'k8s08']",7,0,18,18,4.28119158744812,False,0.1,64,0.1,64
"['k8s02', 'k8s03', 'k8s04', 'k8s05', 'k8s06', 'k8s07', 'k8s08']",7,0,19,19,3.9772884845733643,False,0.1,64,0.1,64
"['k8s02', 'k8s03', 'k8s04', 'k8s05', 'k8s06', 'k8s07', 'k8s08']",7,0,20,20,4.934456825256348,False,0.1,64,0.1,64
"['k8s02', 'k8s03', 'k8s04']",3,0,0,0,0.0343928337097168,False,0.1,64,0.1,64
"['k8s02', 'k8s03', 'k8s04']",3,0,1,1,2.464045286178589,False,0.1,64,0.1,64
"['k8s02', 'k8s03', 'k8s04']",3,0,2,2,2.4891982078552246,False,0.1,64,0.1,64
"['k8s02', 'k8s03', 'k8s04']",3,0,3,3,2.8489906787872314,False,0.1,64,0.1,64
"['k8s02', 'k8s03', 'k8s04']",3,0,4,4,2.592470169067383,False,0.1,64,0.1,64
"['k8s02', 'k8s03', 'k8s04']",3,0,5,5,2.6151185035705566,False,0.1,64,0.1,64
"['k8s02', 'k8s03', 'k8s04']",3,0,6,6,3.131277084350586,False,0.1,64,0.1,64
"['k8s02', 'k8s03', 'k8s04']",3,0,7,7,3.277482271194458,False,0.1,64,0.1,64
"['k8s02', 'k8s03', 'k8s04']",3,0,8,8,2.9513039588928223,False,0.1,64,0.1,64
"['k8s02', 'k8s03', 'k8s04']",3,0,9,9,2.925539016723633,False,0.1,64,0.1,64
"['k8s02', 'k8s03', 'k8s04']",3,0,10,10,2.7448270320892334,False,0.1,64,0.1,64
"['k8s02', 'k8s03', 'k8s04']",3,0,11,11,3.928621530532837,False,0.1,64,0.1,64
"['k8s02', 'k8s03', 'k8s04']",3,0,12,12,4.4611780643463135,False,0.1,64,0.1,64
"['k8s02', 'k8s03', 'k8s04']",3,0,13,13,4.175433874130249,False,0.1,64,0.1,64
"['k8s02', 'k8s03', 'k8s04']",3,0,14,14,4.64003849029541,False,0.1,64,0.1,64
"['k8s02', 'k8s03', 'k8s04']",3,0,15,15,4.63724946975708,False,0.1,64,0.1,64
"['k8s02', 'k8s03', 'k8s04']",3,0,16,16,5.718837738037109,False,0.1,64,0.1,64
"['k8s02', 'k8s03', 'k8s04']",3,0,17,17,5.417986631393433,False,0.1,64,0.1,64
"['k8s02', 'k8s03', 'k8s04']",3,0,18,18,5.361318588256836,False,0.1,64,0.1,64
"['k8s02', 'k8s03', 'k8s04']",3,0,19,19,6.621528387069702,False,0.1,64,0.1,64
"['k8s02', 'k8s03', 'k8s04']",3,0,20,20,6.393089056015015,False,0.1,64,0.1,64
"['k8s02', 'k8s03', 'k8s04', 'k8s05', 'k8s06', 'k8s07', 'k8s08']",7,0,0,0,0.03685140609741211,False,0.1,64,0.1,64
"['k8s02', 'k8s03', 'k8s04', 'k8s05', 'k8s06', 'k8s07', 'k8s08']",7,0,1,1,2.9157874584198,False,0.1,64,0.1,64
"['k8s02', 'k8s03', 'k8s04', 'k8s05', 'k8s06', 'k8s07', 'k8s08']",7,0,2,2,3.1364974975585938,False,0.1,64,0.1,64
"['k8s02', 'k8s03', 'k8s04', 'k8s05', 'k8s06', 'k8s07', 'k8s08']",7,0,3,3,2.494366407394409,False,0.1,64,0.1,64
"['k8s02', 'k8s03', 'k8s04', 'k8s05', 'k8s06', 'k8s07', 'k8s08']",7,0,4,4,3.2588863372802734,False,0.1,64,0.1,64
"['k8s02', 'k8s03', 'k8s04', 'k8s05', 'k8s06', 'k8s07', 'k8s08']",7,0,5,5,2.743159294128418,False,0.1,64,0.1,64
"['k8s02', 'k8s03', 'k8s04', 'k8s05', 'k8s06', 'k8s07', 'k8s08']",7,0,6,6,2.998143434524536,False,0.1,64,0.1,64
"['k8s02', 'k8s03', 'k8s04', 'k8s05', 'k8s06', 'k8s07', 'k8s08']",7,0,7,7,2.71895432472229,False,0.1,64,0.1,64
"['k8s02', 'k8s03', 'k8s04', 'k8s05', 'k8s06', 'k8s07', 'k8s08']",7,0,8,8,2.7140910625457764,False,0.1,64,0.1,64
"['k8s02', 'k8s03', 'k8s04', 'k8s05', 'k8s06', 'k8s07', 'k8s08']",7,0,9,9,3.2331719398498535,False,0.1,64,0.1,64
"['k8s02', 'k8s03', 'k8s04', 'k8s05', 'k8s06', 'k8s07', 'k8s08']",7,0,10,10,2.7516748905181885,False,0.1,64,0.1,64
"['k8s02', 'k8s03', 'k8s04', 'k8s05', 'k8s06', 'k8s07', 'k8s08']",7,0,11,11,3.151191473007202,False,0.1,64,0.1,64
"['k8s02', 'k8s03', 'k8s04', 'k8s05', 'k8s06', 'k8s07', 'k8s08']",7,0,12,12,3.155184030532837,False,0.1,64,0.1,64
"['k8s02', 'k8s03', 'k8s04', 'k8s05', 'k8s06', 'k8s07', 'k8s08']",7,0,13,13,3.047029733657837,False,0.1,64,0.1,64
"['k8s02', 'k8s03', 'k8s04', 'k8s05', 'k8s06', 'k8s07', 'k8s08']",7,0,14,14,3.6104249954223633,False,0.1,64,0.1,64
"['k8s02', 'k8s03', 'k8s04', 'k8s05', 'k8s06', 'k8s07', 'k8s08']",7,0,15,15,3.865770101547241,False,0.1,64,0.1,64
"['k8s02', 'k8s03', 'k8s04', 'k8s05', 'k8s06', 'k8s07', 'k8s08']",7,0,16,16,3.726665735244751,False,0.1,64,0.1,64
"['k8s02', 'k8s03', 'k8s04', 'k8s05', 'k8s06', 'k8s07', 'k8s08']",7,0,17,17,3.6501269340515137,False,0.1,64,0.1,64
"['k8s02', 'k8s03', 'k8s04', 'k8s05', 'k8s06', 'k8s07', 'k8s08']",7,0,18,18,4.304056644439697,False,0.1,64,0.1,64
"['k8s02', 'k8s03', 'k8s04', 'k8s05', 'k8s06', 'k8s07', 'k8s08']",7,0,19,19,4.955710172653198,False,0.1,64,0.1,64
"['k8s02', 'k8s03', 'k8s04', 'k8s05', 'k8s06', 'k8s07', 'k8s08']",7,0,20,20,4.276756525039673,False,0.1,64,0.1,64
"['k8s02', 'k8s03', 'k8s04']",3,0,0,0,0.04182267189025879,False,0.1,64,0.1,64
"['k8s02', 'k8s03', 'k8s04']",3,0,1,1,2.471480131149292,False,0.1,64,0.1,64
"['k8s02', 'k8s03', 'k8s04']",3,0,2,2,2.369150161743164,False,0.1,64,0.1,64
"['k8s02', 'k8s03', 'k8s04']",3,0,3,3,2.6049551963806152,False,0.1,64,0.1,64
"['k8s02', 'k8s03', 'k8s04']",3,0,4,4,3.061666488647461,False,0.1,64,0.1,64
"['k8s02', 'k8s03', 'k8s04']",3,0,5,5,3.184103012084961,False,0.1,64,0.1,64
"['k8s02', 'k8s03', 'k8s04']",3,0,6,6,2.8320038318634033,False,0.1,64,0.1,64
"['k8s02', 'k8s03', 'k8s04']",3,0,7,7,3.0354065895080566,False,0.1,64,0.1,64
"['k8s02', 'k8s03', 'k8s04']",3,0,8,8,3.1970176696777344,False,0.1,64,0.1,64
"['k8s02', 'k8s03', 'k8s04']",3,0,9,9,3.0353314876556396,False,0.1,64,0.1,64
"['k8s02', 'k8s03', 'k8s04']",3,0,10,10,3.0381250381469727,False,0.1,64,0.1,64
"['k8s02', 'k8s03', 'k8s04']",3,0,11,11,3.598417282104492,False,0.1,64,0.1,64
"['k8s02', 'k8s03', 'k8s04']",3,0,12,12,4.112149953842163,False,0.1,64,0.1,64
"['k8s02', 'k8s03', 'k8s04']",3,0,13,13,4.36351466178894,False,0.1,64,0.1,64
"['k8s02', 'k8s03', 'k8s04']",3,0,14,14,4.407693862915039,False,0.1,64,0.1,64
"['k8s02', 'k8s03', 'k8s04']",3,0,15,15,4.591817617416382,False,0.1,64,0.1,64
"['k8s02', 'k8s03', 'k8s04']",3,0,16,16,5.359155178070068,False,0.1,64,0.1,64
"['k8s02', 'k8s03', 'k8s04']",3,0,17,17,5.378003120422363,False,0.1,64,0.1,64
"['k8s02', 'k8s03', 'k8s04']",3,0,18,18,5.399643659591675,False,0.1,64,0.1,64
"['k8s02', 'k8s03', 'k8s04']",3,0,19,19,5.577287673950195,False,0.1,64,0.1,64
"['k8s02', 'k8s03', 'k8s04']",3,0,20,20,6.422485828399658,False,0.1,64,0.1,64
"['k8s02', 'k8s03', 'k8s04', 'k8s05', 'k8s06', 'k8s07', 'k8s08']",7,0,0,0,0.03256583213806152,False,0.1,64,0.1,64
"['k8s02', 'k8s03', 'k8s04', 'k8s05', 'k8s06', 'k8s07', 'k8s08']",7,0,1,1,2.4111127853393555,False,0.1,64,0.1,64
"['k8s02', 'k8s03', 'k8s04', 'k8s05', 'k8s06', 'k8s07', 'k8s08']",7,0,2,2,2.382251501083374,False,0.1,64,0.1,64
"['k8s02', 'k8s03', 'k8s04', 'k8s05', 'k8s06', 'k8s07', 'k8s08']",7,0,3,3,2.593010187149048,False,0.1,64,0.1,64
"['k8s02', 'k8s03', 'k8s04', 'k8s05', 'k8s06', 'k8s07', 'k8s08']",7,0,4,4,3.3032937049865723,False,0.1,64,0.1,64
"['k8s02', 'k8s03', 'k8s04', 'k8s05', 'k8s06', 'k8s07', 'k8s08']",7,0,5,5,2.9368858337402344,False,0.1,64,0.1,64
"['k8s02', 'k8s03', 'k8s04', 'k8s05', 'k8s06', 'k8s07', 'k8s08']",7,0,6,6,3.065605878829956,False,0.1,64,0.1,64
"['k8s02', 'k8s03', 'k8s04', 'k8s05', 'k8s06', 'k8s07', 'k8s08']",7,0,7,7,3.0663793087005615,False,0.1,64,0.1,64
"['k8s02', 'k8s03', 'k8s04', 'k8s05', 'k8s06', 'k8s07', 'k8s08']",7,0,8,8,3.403174638748169,False,0.1,64,0.1,64
"['k8s02', 'k8s03', 'k8s04', 'k8s05', 'k8s06', 'k8s07', 'k8s08']",7,0,9,9,2.8347251415252686,False,0.1,64,0.1,64
"['k8s02', 'k8s03', 'k8s04', 'k8s05', 'k8s06', 'k8s07', 'k8s08']",7,0,10,10,2.739473581314087,False,0.1,64,0.1,64
"['k8s02', 'k8s03', 'k8s04', 'k8s05', 'k8s06', 'k8s07', 'k8s08']",7,0,11,11,3.170170545578003,False,0.1,64,0.1,64
"['k8s02', 'k8s03', 'k8s04', 'k8s05', 'k8s06', 'k8s07', 'k8s08']",7,0,12,12,2.8835973739624023,False,0.1,64,0.1,64
"['k8s02', 'k8s03', 'k8s04', 'k8s05', 'k8s06', 'k8s07', 'k8s08']",7,0,13,13,3.06697154045105,False,0.1,64,0.1,64
"['k8s02', 'k8s03', 'k8s04', 'k8s05', 'k8s06', 'k8s07', 'k8s08']",7,0,14,14,3.9154512882232666,False,0.1,64,0.1,64
"['k8s02', 'k8s03', 'k8s04', 'k8s05', 'k8s06', 'k8s07', 'k8s08']",7,0,15,15,4.666839122772217,False,0.1,64,0.1,64
"['k8s02', 'k8s03', 'k8s04', 'k8s05', 'k8s06', 'k8s07', 'k8s08']",7,0,16,16,3.3135666847229004,False,0.1,64,0.1,64
"['k8s02', 'k8s03', 'k8s04', 'k8s05', 'k8s06', 'k8s07', 'k8s08']",7,0,17,17,3.3976874351501465,False,0.1,64,0.1,64
"['k8s02', 'k8s03', 'k8s04', 'k8s05', 'k8s06', 'k8s07', 'k8s08']",7,0,18,18,3.511291980743408,False,0.1,64,0.1,64
"['k8s02', 'k8s03', 'k8s04', 'k8s05', 'k8s06', 'k8s07', 'k8s08']",7,0,19,19,4.523595333099365,False,0.1,64,0.1,64
"['k8s02', 'k8s03', 'k8s04', 'k8s05', 'k8s06', 'k8s07', 'k8s08']",7,0,20,20,4.334786415100098,False,0.1,64,0.1,64
"['k8s02', 'k8s03', 'k8s04']",3,0,0,0,0.0410003662109375,False,0.1,64,0.1,64
"['k8s02', 'k8s03', 'k8s04']",3,0,1,1,2.376746654510498,False,0.1,64,0.1,64
"['k8s02', 'k8s03', 'k8s04']",3,0,2,2,2.4975380897521973,False,0.1,64,0.1,64
"['k8s02', 'k8s03', 'k8s04']",3,0,3,3,2.373788833618164,False,0.1,64,0.1,64
"['k8s02', 'k8s03', 'k8s04']",3,0,4,4,2.529212713241577,False,0.1,64,0.1,64
"['k8s02', 'k8s03', 'k8s04']",3,0,5,5,2.6983752250671387,False,0.1,64,0.1,64
"['k8s02', 'k8s03', 'k8s04']",3,0,6,6,3.1287355422973633,False,0.1,64,0.1,64
"['k8s02', 'k8s03', 'k8s04']",3,0,7,7,2.771135091781616,False,0.1,64,0.1,64
"['k8s02', 'k8s03', 'k8s04']",3,0,8,8,3.9414594173431396,False,0.1,64,0.1,64
"['k8s02', 'k8s03', 'k8s04']",3,0,9,9,3.382982015609741,False,0.1,64,0.1,64
"['k8s02', 'k8s03', 'k8s04']",3,0,10,10,3.0742135047912598,False,0.1,64,0.1,64
"['k8s02', 'k8s03', 'k8s04']",3,0,11,11,3.8239448070526123,False,0.1,64,0.1,64
"['k8s02', 'k8s03', 'k8s04']",3,0,12,12,4.383314371109009,False,0.1,64,0.1,64
"['k8s02', 'k8s03', 'k8s04']",3,0,13,13,4.269400358200073,False,0.1,64,0.1,64
"['k8s02', 'k8s03', 'k8s04']",3,0,14,14,4.594446182250977,False,0.1,64,0.1,64
"['k8s02', 'k8s03', 'k8s04']",3,0,15,15,5.358120918273926,False,0.1,64,0.1,64
"['k8s02', 'k8s03', 'k8s04']",3,0,16,16,5.357366323471069,False,0.1,64,0.1,64
"['k8s02', 'k8s03', 'k8s04']",3,0,17,17,5.366674184799194,False,0.1,64,0.1,64
"['k8s02', 'k8s03', 'k8s04']",3,0,18,18,5.7380170822143555,False,0.1,64,0.1,64
"['k8s02', 'k8s03', 'k8s04']",3,0,19,19,5.373299598693848,False,0.1,64,0.1,64
"['k8s02', 'k8s03', 'k8s04']",3,0,20,20,6.5286641120910645,False,0.1,64,0.1,64
"['k8s02', 'k8s03', 'k8s04', 'k8s05', 'k8s06', 'k8s07', 'k8s08']",7,0,0,0,0.03681778907775879,False,0.1,64,0.1,64
"['k8s02', 'k8s03', 'k8s04', 'k8s05', 'k8s06', 'k8s07', 'k8s08']",7,0,1,1,2.4818062782287598,False,0.1,64,0.1,64
"['k8s02', 'k8s03', 'k8s04', 'k8s05', 'k8s06', 'k8s07', 'k8s08']",7,0,2,2,2.602832555770874,False,0.1,64,0.1,64
"['k8s02', 'k8s03', 'k8s04', 'k8s05', 'k8s06', 'k8s07', 'k8s08']",7,0,3,3,2.6250503063201904,False,0.1,64,0.1,64
"['k8s02', 'k8s03', 'k8s04', 'k8s05', 'k8s06', 'k8s07', 'k8s08']",7,0,4,4,2.955655097961426,False,0.1,64,0.1,64
"['k8s02', 'k8s03', 'k8s04', 'k8s05', 'k8s06', 'k8s07', 'k8s08']",7,0,5,5,3.030792713165283,False,0.1,64,0.1,64
"['k8s02', 'k8s03', 'k8s04', 'k8s05', 'k8s06', 'k8s07', 'k8s08']",7,0,6,6,3.496539354324341,False,0.1,64,0.1,64
"['k8s02', 'k8s03', 'k8s04', 'k8s05', 'k8s06', 'k8s07', 'k8s08']",7,0,7,7,2.689819574356079,False,0.1,64,0.1,64
"['k8s02', 'k8s03', 'k8s04', 'k8s05', 'k8s06', 'k8s07', 'k8s08']",7,0,8,8,3.2607362270355225,False,0.1,64,0.1,64
"['k8s02', 'k8s03', 'k8s04', 'k8s05', 'k8s06', 'k8s07', 'k8s08']",7,0,9,9,3.274764060974121,False,0.1,64,0.1,64
"['k8s02', 'k8s03', 'k8s04', 'k8s05', 'k8s06', 'k8s07', 'k8s08']",7,0,10,10,3.2330896854400635,False,0.1,64,0.1,64
"['k8s02', 'k8s03', 'k8s04', 'k8s05', 'k8s06', 'k8s07', 'k8s08']",7,0,11,11,3.4115467071533203,False,0.1,64,0.1,64
"['k8s02', 'k8s03', 'k8s04', 'k8s05', 'k8s06', 'k8s07', 'k8s08']",7,0,12,12,2.943812847137451,False,0.1,64,0.1,64
"['k8s02', 'k8s03', 'k8s04', 'k8s05', 'k8s06', 'k8s07', 'k8s08']",7,0,13,13,2.762515068054199,False,0.1,64,0.1,64
"['k8s02', 'k8s03', 'k8s04', 'k8s05', 'k8s06', 'k8s07', 'k8s08']",7,0,14,14,3.5181922912597656,False,0.1,64,0.1,64
"['k8s02', 'k8s03', 'k8s04', 'k8s05', 'k8s06', 'k8s07', 'k8s08']",7,0,15,15,3.9423768520355225,False,0.1,64,0.1,64
"['k8s02', 'k8s03', 'k8s04', 'k8s05', 'k8s06', 'k8s07', 'k8s08']",7,0,16,16,3.510395050048828,False,0.1,64,0.1,64
"['k8s02', 'k8s03', 'k8s04', 'k8s05', 'k8s06', 'k8s07', 'k8s08']",7,0,17,17,3.0941033363342285,False,0.1,64,0.1,64
"['k8s02', 'k8s03', 'k8s04', 'k8s05', 'k8s06', 'k8s07', 'k8s08']",7,0,18,18,3.641021490097046,False,0.1,64,0.1,64
"['k8s02', 'k8s03', 'k8s04', 'k8s05', 'k8s06', 'k8s07', 'k8s08']",7,0,19,19,4.5064170360565186,False,0.1,64,0.1,64
"['k8s02', 'k8s03', 'k8s04', 'k8s05', 'k8s06', 'k8s07', 'k8s08']",7,0,20,20,4.5419440269470215,False,0.1,64,0.1,64
"['k8s02', 'k8s03', 'k8s04']",3,0,0,0,0.039835214614868164,False,0.1,64,0.1,64
"['k8s02', 'k8s03', 'k8s04']",3,0,1,1,2.3626816272735596,False,0.1,64,0.1,64
"['k8s02', 'k8s03', 'k8s04']",3,0,2,2,2.4782931804656982,False,0.1,64,0.1,64
"['k8s02', 'k8s03', 'k8s04']",3,0,3,3,2.495965003967285,False,0.1,64,0.1,64
"['k8s02', 'k8s03', 'k8s04']",3,0,4,4,2.7285635471343994,False,0.1,64,0.1,64
"['k8s02', 'k8s03', 'k8s04']",3,0,5,5,2.9212541580200195,False,0.1,64,0.1,64
"['k8s02', 'k8s03', 'k8s04']",3,0,6,6,3.382251739501953,False,0.1,64,0.1,64
"['k8s02', 'k8s03', 'k8s04']",3,0,7,7,2.694364070892334,False,0.1,64,0.1,64
"['k8s02', 'k8s03', 'k8s04']",3,0,8,8,2.6694982051849365,False,0.1,64,0.1,64
"['k8s02', 'k8s03', 'k8s04']",3,0,9,9,3.3975989818573,False,0.1,64,0.1,64
"['k8s02', 'k8s03', 'k8s04']",3,0,10,10,3.4139630794525146,False,0.1,64,0.1,64
"['k8s02', 'k8s03', 'k8s04']",3,0,11,11,3.3571994304656982,False,0.1,64,0.1,64
"['k8s02', 'k8s03', 'k8s04']",3,0,12,12,3.361903429031372,False,0.1,64,0.1,64
"['k8s02', 'k8s03', 'k8s04']",3,0,13,13,4.608138561248779,False,0.1,64,0.1,64
"['k8s02', 'k8s03', 'k8s04']",3,0,14,14,4.51128363609314,False,0.1,64,0.1,64
"['k8s02', 'k8s03', 'k8s04']",3,0,15,15,4.583693742752075,False,0.1,64,0.1,64
"['k8s02', 'k8s03', 'k8s04']",3,0,16,16,5.371463060379028,False,0.1,64,0.1,64
"['k8s02', 'k8s03', 'k8s04']",3,0,17,17,5.39236044883728,False,0.1,64,0.1,64
"['k8s02', 'k8s03', 'k8s04']",3,0,18,18,5.3946006298065186,False,0.1,64,0.1,64
"['k8s02', 'k8s03', 'k8s04']",3,0,19,19,6.420968532562256,False,0.1,64,0.1,64
"['k8s02', 'k8s03', 'k8s04']",3,0,20,20,5.434088706970215,False,0.1,64,0.1,64
"['k8s02', 'k8s03', 'k8s04', 'k8s05', 'k8s06', 'k8s07', 'k8s08']",7,0,0,0,0.032763004302978516,False,0.1,64,0.1,64
"['k8s02', 'k8s03', 'k8s04', 'k8s05', 'k8s06', 'k8s07', 'k8s08']",7,0,1,1,2.474041223526001,False,0.1,64,0.1,64
"['k8s02', 'k8s03', 'k8s04', 'k8s05', 'k8s06', 'k8s07', 'k8s08']",7,0,2,2,2.4888579845428467,False,0.1,64,0.1,64
"['k8s02', 'k8s03', 'k8s04', 'k8s05', 'k8s06', 'k8s07', 'k8s08']",7,0,3,3,2.5014102458953857,False,0.1,64,0.1,64
"['k8s02', 'k8s03', 'k8s04', 'k8s05', 'k8s06', 'k8s07', 'k8s08']",7,0,4,4,2.8957326412200928,False,0.1,64,0.1,64
"['k8s02', 'k8s03', 'k8s04', 'k8s05', 'k8s06', 'k8s07', 'k8s08']",7,0,5,5,3.0202951431274414,False,0.1,64,0.1,64
"['k8s02', 'k8s03', 'k8s04', 'k8s05', 'k8s06', 'k8s07', 'k8s08']",7,0,6,6,3.4963953495025635,False,0.1,64,0.1,64
"['k8s02', 'k8s03', 'k8s04', 'k8s05', 'k8s06', 'k8s07', 'k8s08']",7,0,7,7,3.060011625289917,False,0.1,64,0.1,64
"['k8s02', 'k8s03', 'k8s04', 'k8s05', 'k8s06', 'k8s07', 'k8s08']",7,0,8,8,3.0140695571899414,False,0.1,64,0.1,64
"['k8s02', 'k8s03', 'k8s04', 'k8s05', 'k8s06', 'k8s07', 'k8s08']",7,0,9,9,3.1381473541259766,False,0.1,64,0.1,64
"['k8s02', 'k8s03', 'k8s04', 'k8s05', 'k8s06', 'k8s07', 'k8s08']",7,0,10,10,3.205249309539795,False,0.1,64,0.1,64
"['k8s02', 'k8s03', 'k8s04', 'k8s05', 'k8s06', 'k8s07', 'k8s08']",7,0,11,11,3.584260940551758,False,0.1,64,0.1,64
"['k8s02', 'k8s03', 'k8s04', 'k8s05', 'k8s06', 'k8s07', 'k8s08']",7,0,12,12,3.4957942962646484,False,0.1,64,0.1,64
"['k8s02', 'k8s03', 'k8s04', 'k8s05', 'k8s06', 'k8s07', 'k8s08']",7,0,13,13,3.4446933269500732,False,0.1,64,0.1,64
"['k8s02', 'k8s03', 'k8s04', 'k8s05', 'k8s06', 'k8s07', 'k8s08']",7,0,14,14,3.597730875015259,False,0.1,64,0.1,64
"['k8s02', 'k8s03', 'k8s04', 'k8s05', 'k8s06', 'k8s07', 'k8s08']",7,0,15,15,3.330160617828369,False,0.1,64,0.1,64
"['k8s02', 'k8s03', 'k8s04', 'k8s05', 'k8s06', 'k8s07', 'k8s08']",7,0,16,16,4.413859128952026,False,0.1,64,0.1,64
"['k8s02', 'k8s03', 'k8s04', 'k8s05', 'k8s06', 'k8s07', 'k8s08']",7,0,17,17,3.5869550704956055,False,0.1,64,0.1,64
"['k8s02', 'k8s03', 'k8s04', 'k8s05', 'k8s06', 'k8s07', 'k8s08']",7,0,18,18,4.59881067276001,False,0.1,64,0.1,64
"['k8s02', 'k8s03', 'k8s04', 'k8s05', 'k8s06', 'k8s07', 'k8s08']",7,0,19,19,3.847053289413452,False,0.1,64,0.1,64
"['k8s02', 'k8s03', 'k8s04', 'k8s05', 'k8s06', 'k8s07', 'k8s08']",7,0,20,20,4.329179763793945,False,0.1,64,0.1,64
"['k8s02', 'k8s03', 'k8s04']",3,0,0,0,0.06397128105163574,False,0.1,64,0.1,64
"['k8s02', 'k8s03', 'k8s04']",3,0,1,1,2.9467241764068604,False,0.1,64,0.1,64
"['k8s02', 'k8s03', 'k8s04']",3,0,2,2,2.4394540786743164,False,0.1,64,0.1,64
"['k8s02', 'k8s03', 'k8s04']",3,0,3,3,2.6447160243988037,False,0.1,64,0.1,64
"['k8s02', 'k8s03', 'k8s04']",3,0,4,4,3.049814462661743,False,0.1,64,0.1,64
"['k8s02', 'k8s03', 'k8s04']",3,0,5,5,3.1362388134002686,False,0.1,64,0.1,64
"['k8s02', 'k8s03', 'k8s04']",3,0,6,6,3.2970285415649414,False,0.1,64,0.1,64
"['k8s02', 'k8s03', 'k8s04']",3,0,7,7,3.2794249057769775,False,0.1,64,0.1,64
"['k8s02', 'k8s03', 'k8s04']",3,0,8,8,3.196331024169922,False,0.1,64,0.1,64
"['k8s02', 'k8s03', 'k8s04']",3,0,9,9,3.5049500465393066,False,0.1,64,0.1,64
"['k8s02', 'k8s03', 'k8s04']",3,0,10,10,3.3420605659484863,False,0.1,64,0.1,64
"['k8s02', 'k8s03', 'k8s04']",3,0,11,11,3.477940320968628,False,0.1,64,0.1,64
"['k8s02', 'k8s03', 'k8s04']",3,0,12,12,4.494339942932129,False,0.1,64,0.1,64
"['k8s02', 'k8s03', 'k8s04']",3,0,13,13,3.851498603820801,False,0.1,64,0.1,64
"['k8s02', 'k8s03', 'k8s04']",3,0,14,14,4.717294454574585,False,0.1,64,0.1,64
"['k8s02', 'k8s03', 'k8s04']",3,0,15,15,4.644843101501465,False,0.1,64,0.1,64
"['k8s02', 'k8s03', 'k8s04']",3,0,16,16,5.619311094284058,False,0.1,64,0.1,64
"['k8s02', 'k8s03', 'k8s04']",3,0,17,17,5.5093994140625,False,0.1,64,0.1,64
"['k8s02', 'k8s03', 'k8s04']",3,0,18,18,5.584798812866211,False,0.1,64,0.1,64
"['k8s02', 'k8s03', 'k8s04']",3,0,19,19,5.389128684997559,False,0.1,64,0.1,64
"['k8s02', 'k8s03', 'k8s04']",3,0,20,20,6.425596237182617,False,0.1,64,0.1,64
"['k8s02', 'k8s03', 'k8s04', 'k8s05', 'k8s06', 'k8s07', 'k8s08']",7,0,0,0,0.042612552642822266,False,0.1,64,0.1,64
"['k8s02', 'k8s03', 'k8s04', 'k8s05', 'k8s06', 'k8s07', 'k8s08']",7,0,1,1,2.5121817588806152,False,0.1,64,0.1,64
"['k8s02', 'k8s03', 'k8s04', 'k8s05', 'k8s06', 'k8s07', 'k8s08']",7,0,2,2,2.5988051891326904,False,0.1,64,0.1,64
"['k8s02', 'k8s03', 'k8s04', 'k8s05', 'k8s06', 'k8s07', 'k8s08']",7,0,3,3,2.5986132621765137,False,0.1,64,0.1,64
"['k8s02', 'k8s03', 'k8s04', 'k8s05', 'k8s06', 'k8s07', 'k8s08']",7,0,4,4,2.5721278190612793,False,0.1,64,0.1,64
"['k8s02', 'k8s03', 'k8s04', 'k8s05', 'k8s06', 'k8s07', 'k8s08']",7,0,5,5,2.9834811687469482,False,0.1,64,0.1,64
"['k8s02', 'k8s03', 'k8s04', 'k8s05', 'k8s06', 'k8s07', 'k8s08']",7,0,6,6,2.840374708175659,False,0.1,64,0.1,64
"['k8s02', 'k8s03', 'k8s04', 'k8s05', 'k8s06', 'k8s07', 'k8s08']",7,0,7,7,2.7032289505004883,False,0.1,64,0.1,64
"['k8s02', 'k8s03', 'k8s04', 'k8s05', 'k8s06', 'k8s07', 'k8s08']",7,0,8,8,4.698531150817871,False,0.1,64,0.1,64
"['k8s02', 'k8s03', 'k8s04', 'k8s05', 'k8s06', 'k8s07', 'k8s08']",7,0,9,9,3.058414936065674,False,0.1,64,0.1,64
"['k8s02', 'k8s03', 'k8s04', 'k8s05', 'k8s06', 'k8s07', 'k8s08']",7,0,10,10,3.400860071182251,False,0.1,64,0.1,64
"['k8s02', 'k8s03', 'k8s04', 'k8s05', 'k8s06', 'k8s07', 'k8s08']",7,0,11,11,3.481184482574463,False,0.1,64,0.1,64
"['k8s02', 'k8s03', 'k8s04', 'k8s05', 'k8s06', 'k8s07', 'k8s08']",7,0,12,12,3.533710479736328,False,0.1,64,0.1,64
"['k8s02', 'k8s03', 'k8s04', 'k8s05', 'k8s06', 'k8s07', 'k8s08']",7,0,13,13,3.4867630004882812,False,0.1,64,0.1,64
"['k8s02', 'k8s03', 'k8s04', 'k8s05', 'k8s06', 'k8s07', 'k8s08']",7,0,14,14,3.744643449783325,False,0.1,64,0.1,64
"['k8s02', 'k8s03', 'k8s04', 'k8s05', 'k8s06', 'k8s07', 'k8s08']",7,0,15,15,4.624557733535767,False,0.1,64,0.1,64
"['k8s02', 'k8s03', 'k8s04', 'k8s05', 'k8s06', 'k8s07', 'k8s08']",7,0,16,16,3.392406463623047,False,0.1,64,0.1,64
"['k8s02', 'k8s03', 'k8s04', 'k8s05', 'k8s06', 'k8s07', 'k8s08']",7,0,17,17,3.7604520320892334,False,0.1,64,0.1,64
"['k8s02', 'k8s03', 'k8s04', 'k8s05', 'k8s06', 'k8s07', 'k8s08']",7,0,18,18,3.4231014251708984,False,0.1,64,0.1,64
"['k8s02', 'k8s03', 'k8s04', 'k8s05', 'k8s06', 'k8s07', 'k8s08']",7,0,19,19,4.800034999847412,False,0.1,64,0.1,64
"['k8s02', 'k8s03', 'k8s04', 'k8s05', 'k8s06', 'k8s07', 'k8s08']",7,0,20,20,4.7598724365234375,False,0.1,64,0.1,64
"['k8s02', 'k8s03', 'k8s04']",3,0,0,0,0.04277372360229492,False,0.1,64,0.1,64
"['k8s02', 'k8s03', 'k8s04']",3,0,1,1,3.0772511959075928,False,0.1,64,0.1,64
"['k8s02', 'k8s03', 'k8s04']",3,0,2,2,3.0308518409729004,False,0.1,64,0.1,64
"['k8s02', 'k8s03', 'k8s04']",3,0,3,3,3.0539071559906006,False,0.1,64,0.1,64
"['k8s02', 'k8s03', 'k8s04']",3,0,4,4,2.8249504566192627,False,0.1,64,0.1,64
"['k8s02', 'k8s03', 'k8s04']",3,0,5,5,2.618642568588257,False,0.1,64,0.1,64
"['k8s02', 'k8s03', 'k8s04']",3,0,6,6,2.7204179763793945,False,0.1,64,0.1,64
"['k8s02', 'k8s03', 'k8s04']",3,0,7,7,3.243199586868286,False,0.1,64,0.1,64
"['k8s02', 'k8s03', 'k8s04']",3,0,8,8,3.3977813720703125,False,0.1,64,0.1,64
"['k8s02', 'k8s03', 'k8s04']",3,0,9,9,2.8332650661468506,False,0.1,64,0.1,64
"['k8s02', 'k8s03', 'k8s04']",3,0,10,10,3.489818811416626,False,0.1,64,0.1,64
"['k8s02', 'k8s03', 'k8s04']",3,0,11,11,3.5038180351257324,False,0.1,64,0.1,64
"['k8s02', 'k8s03', 'k8s04']",3,0,12,12,3.4948925971984863,False,0.1,64,0.1,64
"['k8s02', 'k8s03', 'k8s04']",3,0,13,13,4.332459926605225,False,0.1,64,0.1,64
"['k8s02', 'k8s03', 'k8s04']",3,0,14,14,4.593511581420898,False,0.1,64,0.1,64
"['k8s02', 'k8s03', 'k8s04']",3,0,15,15,5.555561304092407,False,0.1,64,0.1,64
"['k8s02', 'k8s03', 'k8s04']",3,0,16,16,5.528225421905518,False,0.1,64,0.1,64
"['k8s02', 'k8s03', 'k8s04']",3,0,17,17,5.364686727523804,False,0.1,64,0.1,64
"['k8s02', 'k8s03', 'k8s04']",3,0,18,18,5.838760852813721,False,0.1,64,0.1,64
"['k8s02', 'k8s03', 'k8s04']",3,0,19,19,5.6621575355529785,False,0.1,64,0.1,64
"['k8s02', 'k8s03', 'k8s04']",3,0,20,20,6.513444423675537,False,0.1,64,0.1,64
"['k8s02', 'k8s03', 'k8s04', 'k8s05', 'k8s06', 'k8s07', 'k8s08']",7,0,0,0,0.04366016387939453,False,0.1,64,0.1,64
"['k8s02', 'k8s03', 'k8s04', 'k8s05', 'k8s06', 'k8s07', 'k8s08']",7,0,1,1,2.483211040496826,False,0.1,64,0.1,64
"['k8s02', 'k8s03', 'k8s04', 'k8s05', 'k8s06', 'k8s07', 'k8s08']",7,0,2,2,2.521195411682129,False,0.1,64,0.1,64
"['k8s02', 'k8s03', 'k8s04', 'k8s05', 'k8s06', 'k8s07', 'k8s08']",7,0,3,3,2.728891611099243,False,0.1,64,0.1,64
"['k8s02', 'k8s03', 'k8s04', 'k8s05', 'k8s06', 'k8s07', 'k8s08']",7,0,4,4,3.1812291145324707,False,0.1,64,0.1,64
"['k8s02', 'k8s03', 'k8s04', 'k8s05', 'k8s06', 'k8s07', 'k8s08']",7,0,5,5,3.8678359985351562,False,0.1,64,0.1,64
"['k8s02', 'k8s03', 'k8s04', 'k8s05', 'k8s06', 'k8s07', 'k8s08']",7,0,6,6,3.16499662399292,False,0.1,64,0.1,64
"['k8s02', 'k8s03', 'k8s04', 'k8s05', 'k8s06', 'k8s07', 'k8s08']",7,0,7,7,3.1558070182800293,False,0.1,64,0.1,64
"['k8s02', 'k8s03', 'k8s04', 'k8s05', 'k8s06', 'k8s07', 'k8s08']",7,0,8,8,3.433964490890503,False,0.1,64,0.1,64
"['k8s02', 'k8s03', 'k8s04', 'k8s05', 'k8s06', 'k8s07', 'k8s08']",7,0,9,9,3.0490729808807373,False,0.1,64,0.1,64
"['k8s02', 'k8s03', 'k8s04', 'k8s05', 'k8s06', 'k8s07', 'k8s08']",7,0,10,10,3.49186110496521,False,0.1,64,0.1,64
"['k8s02', 'k8s03', 'k8s04', 'k8s05', 'k8s06', 'k8s07', 'k8s08']",7,0,11,11,3.4388577938079834,False,0.1,64,0.1,64
"['k8s02', 'k8s03', 'k8s04', 'k8s05', 'k8s06', 'k8s07', 'k8s08']",7,0,12,12,3.2843716144561768,False,0.1,64,0.1,64
"['k8s02', 'k8s03', 'k8s04', 'k8s05', 'k8s06', 'k8s07', 'k8s08']",7,0,13,13,2.974039316177368,False,0.1,64,0.1,64
"['k8s02', 'k8s03', 'k8s04', 'k8s05', 'k8s06', 'k8s07', 'k8s08']",7,0,14,14,3.050161361694336,False,0.1,64,0.1,64
"['k8s02', 'k8s03', 'k8s04', 'k8s05', 'k8s06', 'k8s07', 'k8s08']",7,0,15,15,3.4888522624969482,False,0.1,64,0.1,64
"['k8s02', 'k8s03', 'k8s04', 'k8s05', 'k8s06', 'k8s07', 'k8s08']",7,0,16,16,4.197772264480591,False,0.1,64,0.1,64
"['k8s02', 'k8s03', 'k8s04', 'k8s05', 'k8s06', 'k8s07', 'k8s08']",7,0,17,17,3.3056206703186035,False,0.1,64,0.1,64
"['k8s02', 'k8s03', 'k8s04', 'k8s05', 'k8s06', 'k8s07', 'k8s08']",7,0,18,18,3.6507179737091064,False,0.1,64,0.1,64
"['k8s02', 'k8s03', 'k8s04', 'k8s05', 'k8s06', 'k8s07', 'k8s08']",7,0,19,19,4.286592721939087,False,0.1,64,0.1,64
"['k8s02', 'k8s03', 'k8s04', 'k8s05', 'k8s06', 'k8s07', 'k8s08']",7,0,20,20,4.136699199676514,False,0.1,64,0.1,64
"['k8s02', 'k8s03', 'k8s04']",3,0,0,0,0.03699660301208496,False,0.1,64,0.1,64
"['k8s02', 'k8s03', 'k8s04']",3,0,1,1,2.4511098861694336,False,0.1,64,0.1,64
"['k8s02', 'k8s03', 'k8s04']",3,0,2,2,2.549072742462158,False,0.1,64,0.1,64
"['k8s02', 'k8s03', 'k8s04']",3,0,3,3,2.5022730827331543,False,0.1,64,0.1,64
"['k8s02', 'k8s03', 'k8s04']",3,0,4,4,2.719229221343994,False,0.1,64,0.1,64
"['k8s02', 'k8s03', 'k8s04']",3,0,5,5,3.2753942012786865,False,0.1,64,0.1,64
"['k8s02', 'k8s03', 'k8s04']",3,0,6,6,2.511432409286499,False,0.1,64,0.1,64
"['k8s02', 'k8s03', 'k8s04']",3,0,7,7,2.9452731609344482,False,0.1,64,0.1,64
"['k8s02', 'k8s03', 'k8s04']",3,0,8,8,3.2841453552246094,False,0.1,64,0.1,64
"['k8s02', 'k8s03', 'k8s04']",3,0,9,9,3.65165638923645,False,0.1,64,0.1,64
"['k8s02', 'k8s03', 'k8s04']",3,0,10,10,3.080425262451172,False,0.1,64,0.1,64
"['k8s02', 'k8s03', 'k8s04']",3,0,11,11,3.96750545501709,False,0.1,64,0.1,64
"['k8s02', 'k8s03', 'k8s04']",3,0,12,12,3.8519370555877686,False,0.1,64,0.1,64
"['k8s02', 'k8s03', 'k8s04']",3,0,13,13,4.976196527481079,False,0.1,64,0.1,64
"['k8s02', 'k8s03', 'k8s04']",3,0,14,14,4.529554843902588,False,0.1,64,0.1,64
"['k8s02', 'k8s03', 'k8s04']",3,0,15,15,4.347719192504883,False,0.1,64,0.1,64
"['k8s02', 'k8s03', 'k8s04']",3,0,16,16,5.049401760101318,False,0.1,64,0.1,64
"['k8s02', 'k8s03', 'k8s04']",3,0,17,17,5.404283285140991,False,0.1,64,0.1,64
"['k8s02', 'k8s03', 'k8s04']",3,0,18,18,5.350772857666016,False,0.1,64,0.1,64
"['k8s02', 'k8s03', 'k8s04']",3,0,19,19,5.5665552616119385,False,0.1,64,0.1,64
"['k8s02', 'k8s03', 'k8s04']",3,0,20,20,6.310259819030762,False,0.1,64,0.1,64
"['k8s02', 'k8s03', 'k8s04', 'k8s05', 'k8s06', 'k8s07', 'k8s08']",7,0,0,0,0.03639554977416992,False,0.1,64,0.1,64
"['k8s02', 'k8s03', 'k8s04', 'k8s05', 'k8s06', 'k8s07', 'k8s08']",7,0,1,1,3.038999319076538,False,0.1,64,0.1,64
"['k8s02', 'k8s03', 'k8s04', 'k8s05', 'k8s06', 'k8s07', 'k8s08']",7,0,2,2,2.699366807937622,False,0.1,64,0.1,64
"['k8s02', 'k8s03', 'k8s04', 'k8s05', 'k8s06', 'k8s07', 'k8s08']",7,0,3,3,2.7410454750061035,False,0.1,64,0.1,64
"['k8s02', 'k8s03', 'k8s04', 'k8s05', 'k8s06', 'k8s07', 'k8s08']",7,0,4,4,2.968733549118042,False,0.1,64,0.1,64
"['k8s02', 'k8s03', 'k8s04', 'k8s05', 'k8s06', 'k8s07', 'k8s08']",7,0,5,5,3.1600701808929443,False,0.1,64,0.1,64
"['k8s02', 'k8s03', 'k8s04', 'k8s05', 'k8s06', 'k8s07', 'k8s08']",7,0,6,6,4.081923961639404,False,0.1,64,0.1,64
"['k8s02', 'k8s03', 'k8s04', 'k8s05', 'k8s06', 'k8s07', 'k8s08']",7,0,7,7,2.9630355834960938,False,0.1,64,0.1,64
"['k8s02', 'k8s03', 'k8s04', 'k8s05', 'k8s06', 'k8s07', 'k8s08']",7,0,8,8,3.2939772605895996,False,0.1,64,0.1,64
"['k8s02', 'k8s03', 'k8s04', 'k8s05', 'k8s06', 'k8s07', 'k8s08']",7,0,9,9,3.083322048187256,False,0.1,64,0.1,64
"['k8s02', 'k8s03', 'k8s04', 'k8s05', 'k8s06', 'k8s07', 'k8s08']",7,0,10,10,2.9258430004119873,False,0.1,64,0.1,64
"['k8s02', 'k8s03', 'k8s04', 'k8s05', 'k8s06', 'k8s07', 'k8s08']",7,0,11,11,3.1709651947021484,False,0.1,64,0.1,64
"['k8s02', 'k8s03', 'k8s04', 'k8s05', 'k8s06', 'k8s07', 'k8s08']",7,0,12,12,3.065321683883667,False,0.1,64,0.1,64
"['k8s02', 'k8s03', 'k8s04', 'k8s05', 'k8s06', 'k8s07', 'k8s08']",7,0,13,13,3.1484484672546387,False,0.1,64,0.1,64
"['k8s02', 'k8s03', 'k8s04', 'k8s05', 'k8s06', 'k8s07', 'k8s08']",7,0,14,14,3.6403069496154785,False,0.1,64,0.1,64
"['k8s02', 'k8s03', 'k8s04', 'k8s05', 'k8s06', 'k8s07', 'k8s08']",7,0,15,15,3.299041271209717,False,0.1,64,0.1,64
"['k8s02', 'k8s03', 'k8s04', 'k8s05', 'k8s06', 'k8s07', 'k8s08']",7,0,16,16,3.6289689540863037,False,0.1,64,0.1,64
"['k8s02', 'k8s03', 'k8s04', 'k8s05', 'k8s06', 'k8s07', 'k8s08']",7,0,17,17,4.45211386680603,False,0.1,64,0.1,64
"['k8s02', 'k8s03', 'k8s04', 'k8s05', 'k8s06', 'k8s07', 'k8s08']",7,0,18,18,4.374057769775391,False,0.1,64,0.1,64
"['k8s02', 'k8s03', 'k8s04', 'k8s05', 'k8s06', 'k8s07', 'k8s08']",7,0,19,19,3.7182822227478027,False,0.1,64,0.1,64
"['k8s02', 'k8s03', 'k8s04', 'k8s05', 'k8s06', 'k8s07', 'k8s08']",7,0,20,20,4.675260305404663,False,0.1,64,0.1,64
"['k8s02', 'k8s03', 'k8s04']",3,0,0,0,0.037229299545288086,False,0.1,64,0.1,64
"['k8s02', 'k8s03', 'k8s04']",3,0,1,1,2.50736665725708,False,0.1,64,0.1,64
"['k8s02', 'k8s03', 'k8s04']",3,0,2,2,2.6007280349731445,False,0.1,64,0.1,64
"['k8s02', 'k8s03', 'k8s04']",3,0,3,3,2.6353919506073,False,0.1,64,0.1,64
"['k8s02', 'k8s03', 'k8s04']",3,0,4,4,2.6240575313568115,False,0.1,64,0.1,64
"['k8s02', 'k8s03', 'k8s04']",3,0,5,5,3.058436155319214,False,0.1,64,0.1,64
"['k8s02', 'k8s03', 'k8s04']",3,0,6,6,2.974547863006592,False,0.1,64,0.1,64
"['k8s02', 'k8s03', 'k8s04']",3,0,7,7,3.03519868850708,False,0.1,64,0.1,64
"['k8s02', 'k8s03', 'k8s04']",3,0,8,8,3.0393316745758057,False,0.1,64,0.1,64
"['k8s02', 'k8s03', 'k8s04']",3,0,9,9,2.7208621501922607,False,0.1,64,0.1,64
"['k8s02', 'k8s03', 'k8s04']",3,0,10,10,4.281081199645996,False,0.1,64,0.1,64
"['k8s02', 'k8s03', 'k8s04']",3,0,11,11,3.797431468963623,False,0.1,64,0.1,64
"['k8s02', 'k8s03', 'k8s04']",3,0,12,12,4.180839776992798,False,0.1,64,0.1,64
"['k8s02', 'k8s03', 'k8s04']",3,0,13,13,4.346009969711304,False,0.1,64,0.1,64
"['k8s02', 'k8s03', 'k8s04']",3,0,14,14,4.40639853477478,False,0.1,64,0.1,64
"['k8s02', 'k8s03', 'k8s04']",3,0,15,15,4.745490550994873,False,0.1,64,0.1,64
"['k8s02', 'k8s03', 'k8s04']",3,0,16,16,5.000882863998413,False,0.1,64,0.1,64
"['k8s02', 'k8s03', 'k8s04']",3,0,17,17,5.3134260177612305,False,0.1,64,0.1,64
"['k8s02', 'k8s03', 'k8s04']",3,0,18,18,5.345881462097168,False,0.1,64,0.1,64
"['k8s02', 'k8s03', 'k8s04']",3,0,19,19,6.341045379638672,False,0.1,64,0.1,64
"['k8s02', 'k8s03', 'k8s04']",3,0,20,20,5.509404897689819,False,0.1,64,0.1,64
"['k8s02', 'k8s03', 'k8s04', 'k8s05', 'k8s06', 'k8s07', 'k8s08']",7,0,0,0,0.05342888832092285,False,0.1,64,0.1,64
"['k8s02', 'k8s03', 'k8s04', 'k8s05', 'k8s06', 'k8s07', 'k8s08']",7,0,1,1,2.9371438026428223,False,0.1,64,0.1,64
"['k8s02', 'k8s03', 'k8s04', 'k8s05', 'k8s06', 'k8s07', 'k8s08']",7,0,2,2,2.5012128353118896,False,0.1,64,0.1,64
"['k8s02', 'k8s03', 'k8s04', 'k8s05', 'k8s06', 'k8s07', 'k8s08']",7,0,3,3,2.585533618927002,False,0.1,64,0.1,64
"['k8s02', 'k8s03', 'k8s04', 'k8s05', 'k8s06', 'k8s07', 'k8s08']",7,0,4,4,2.8234033584594727,False,0.1,64,0.1,64
"['k8s02', 'k8s03', 'k8s04', 'k8s05', 'k8s06', 'k8s07', 'k8s08']",7,0,5,5,2.737924814224243,False,0.1,64,0.1,64
"['k8s02', 'k8s03', 'k8s04', 'k8s05', 'k8s06', 'k8s07', 'k8s08']",7,0,6,6,2.7320001125335693,False,0.1,64,0.1,64
"['k8s02', 'k8s03', 'k8s04', 'k8s05', 'k8s06', 'k8s07', 'k8s08']",7,0,7,7,3.1472103595733643,False,0.1,64,0.1,64
"['k8s02', 'k8s03', 'k8s04', 'k8s05', 'k8s06', 'k8s07', 'k8s08']",7,0,8,8,3.5302135944366455,False,0.1,64,0.1,64
"['k8s02', 'k8s03', 'k8s04', 'k8s05', 'k8s06', 'k8s07', 'k8s08']",7,0,9,9,3.1697583198547363,False,0.1,64,0.1,64
"['k8s02', 'k8s03', 'k8s04', 'k8s05', 'k8s06', 'k8s07', 'k8s08']",7,0,10,10,3.273073434829712,False,0.1,64,0.1,64
"['k8s02', 'k8s03', 'k8s04', 'k8s05', 'k8s06', 'k8s07', 'k8s08']",7,0,11,11,3.2984187602996826,False,0.1,64,0.1,64
"['k8s02', 'k8s03', 'k8s04', 'k8s05', 'k8s06', 'k8s07', 'k8s08']",7,0,12,12,3.624997138977051,False,0.1,64,0.1,64
"['k8s02', 'k8s03', 'k8s04', 'k8s05', 'k8s06', 'k8s07', 'k8s08']",7,0,13,13,3.400296688079834,False,0.1,64,0.1,64
"['k8s02', 'k8s03', 'k8s04', 'k8s05', 'k8s06', 'k8s07', 'k8s08']",7,0,14,14,3.0913214683532715,False,0.1,64,0.1,64
"['k8s02', 'k8s03', 'k8s04', 'k8s05', 'k8s06', 'k8s07', 'k8s08']",7,0,15,15,3.3164005279541016,False,0.1,64,0.1,64
"['k8s02', 'k8s03', 'k8s04', 'k8s05', 'k8s06', 'k8s07', 'k8s08']",7,0,16,16,3.752837657928467,False,0.1,64,0.1,64
"['k8s02', 'k8s03', 'k8s04', 'k8s05', 'k8s06', 'k8s07', 'k8s08']",7,0,17,17,4.494032382965088,False,0.1,64,0.1,64
"['k8s02', 'k8s03', 'k8s04', 'k8s05', 'k8s06', 'k8s07', 'k8s08']",7,0,18,18,3.7961626052856445,False,0.1,64,0.1,64
"['k8s02', 'k8s03', 'k8s04', 'k8s05', 'k8s06', 'k8s07', 'k8s08']",7,0,19,19,3.5891354084014893,False,0.1,64,0.1,64
"['k8s02', 'k8s03', 'k8s04', 'k8s05', 'k8s06', 'k8s07', 'k8s08']",7,0,20,20,4.206678152084351,False,0.1,64,0.1,64
"['k8s02', 'k8s03', 'k8s04']",3,0,0,0,0.03782916069030762,False,0.1,64,0.1,64
"['k8s02', 'k8s03', 'k8s04']",3,0,1,1,2.4851126670837402,False,0.1,64,0.1,64
"['k8s02', 'k8s03', 'k8s04']",3,0,2,2,2.513650894165039,False,0.1,64,0.1,64
"['k8s02', 'k8s03', 'k8s04']",3,0,3,3,2.5106897354125977,False,0.1,64,0.1,64
"['k8s02', 'k8s03', 'k8s04']",3,0,4,4,2.9480459690093994,False,0.1,64,0.1,64
"['k8s02', 'k8s03', 'k8s04']",3,0,5,5,2.7635016441345215,False,0.1,64,0.1,64
"['k8s02', 'k8s03', 'k8s04']",3,0,6,6,2.8216333389282227,False,0.1,64,0.1,64
"['k8s02', 'k8s03', 'k8s04']",3,0,7,7,3.1719422340393066,False,0.1,64,0.1,64
"['k8s02', 'k8s03', 'k8s04']",3,0,8,8,2.816514015197754,False,0.1,64,0.1,64
"['k8s02', 'k8s03', 'k8s04']",3,0,9,9,3.0451114177703857,False,0.1,64,0.1,64
"['k8s02', 'k8s03', 'k8s04']",3,0,10,10,3.6029560565948486,False,0.1,64,0.1,64
"['k8s02', 'k8s03', 'k8s04']",3,0,11,11,4.312258005142212,False,0.1,64,0.1,64
"['k8s02', 'k8s03', 'k8s04']",3,0,12,12,4.770940780639648,False,0.1,64,0.1,64
"['k8s02', 'k8s03', 'k8s04']",3,0,13,13,3.3892838954925537,False,0.1,64,0.1,64
"['k8s02', 'k8s03', 'k8s04']",3,0,14,14,4.721709251403809,False,0.1,64,0.1,64
"['k8s02', 'k8s03', 'k8s04']",3,0,15,15,4.835263013839722,False,0.1,64,0.1,64
"['k8s02', 'k8s03', 'k8s04']",3,0,16,16,5.309243679046631,False,0.1,64,0.1,64
"['k8s02', 'k8s03', 'k8s04']",3,0,17,17,5.605212926864624,False,0.1,64,0.1,64
"['k8s02', 'k8s03', 'k8s04']",3,0,18,18,5.391897201538086,False,0.1,64,0.1,64
"['k8s02', 'k8s03', 'k8s04']",3,0,19,19,5.616555452346802,False,0.1,64,0.1,64
"['k8s02', 'k8s03', 'k8s04']",3,0,20,20,5.593917608261108,False,0.1,64,0.1,64
"['k8s02', 'k8s03', 'k8s04', 'k8s05', 'k8s06', 'k8s07', 'k8s08']",7,0,0,0,0.04262137413024902,False,0.1,64,0.1,64
"['k8s02', 'k8s03', 'k8s04', 'k8s05', 'k8s06', 'k8s07', 'k8s08']",7,0,1,1,2.5869247913360596,False,0.1,64,0.1,64
"['k8s02', 'k8s03', 'k8s04', 'k8s05', 'k8s06', 'k8s07', 'k8s08']",7,0,2,2,2.636530637741089,False,0.1,64,0.1,64
"['k8s02', 'k8s03', 'k8s04', 'k8s05', 'k8s06', 'k8s07', 'k8s08']",7,0,3,3,2.8192765712738037,False,0.1,64,0.1,64
"['k8s02', 'k8s03', 'k8s04', 'k8s05', 'k8s06', 'k8s07', 'k8s08']",7,0,4,4,2.5067384243011475,False,0.1,64,0.1,64
"['k8s02', 'k8s03', 'k8s04', 'k8s05', 'k8s06', 'k8s07', 'k8s08']",7,0,5,5,3.0648725032806396,False,0.1,64,0.1,64
"['k8s02', 'k8s03', 'k8s04', 'k8s05', 'k8s06', 'k8s07', 'k8s08']",7,0,6,6,3.2750842571258545,False,0.1,64,0.1,64
"['k8s02', 'k8s03', 'k8s04', 'k8s05', 'k8s06', 'k8s07', 'k8s08']",7,0,7,7,3.271838665008545,False,0.1,64,0.1,64
"['k8s02', 'k8s03', 'k8s04', 'k8s05', 'k8s06', 'k8s07', 'k8s08']",7,0,8,8,3.378087282180786,False,0.1,64,0.1,64
"['k8s02', 'k8s03', 'k8s04', 'k8s05', 'k8s06', 'k8s07', 'k8s08']",7,0,9,9,3.258258581161499,False,0.1,64,0.1,64
"['k8s02', 'k8s03', 'k8s04', 'k8s05', 'k8s06', 'k8s07', 'k8s08']",7,0,10,10,3.308948516845703,False,0.1,64,0.1,64
"['k8s02', 'k8s03', 'k8s04', 'k8s05', 'k8s06', 'k8s07', 'k8s08']",7,0,11,11,3.092851400375366,False,0.1,64,0.1,64
"['k8s02', 'k8s03', 'k8s04', 'k8s05', 'k8s06', 'k8s07', 'k8s08']",7,0,12,12,3.577514171600342,False,0.1,64,0.1,64
"['k8s02', 'k8s03', 'k8s04', 'k8s05', 'k8s06', 'k8s07', 'k8s08']",7,0,13,13,2.842770576477051,False,0.1,64,0.1,64
"['k8s02', 'k8s03', 'k8s04', 'k8s05', 'k8s06', 'k8s07', 'k8s08']",7,0,14,14,3.4042744636535645,False,0.1,64,0.1,64
"['k8s02', 'k8s03', 'k8s04', 'k8s05', 'k8s06', 'k8s07', 'k8s08']",7,0,15,15,3.5481014251708984,False,0.1,64,0.1,64
"['k8s02', 'k8s03', 'k8s04', 'k8s05', 'k8s06', 'k8s07', 'k8s08']",7,0,16,16,4.423566579818726,False,0.1,64,0.1,64
"['k8s02', 'k8s03', 'k8s04', 'k8s05', 'k8s06', 'k8s07', 'k8s08']",7,0,17,17,4.4585959911346436,False,0.1,64,0.1,64
"['k8s02', 'k8s03', 'k8s04', 'k8s05', 'k8s06', 'k8s07', 'k8s08']",7,0,18,18,4.099728584289551,False,0.1,64,0.1,64
"['k8s02', 'k8s03', 'k8s04', 'k8s05', 'k8s06', 'k8s07', 'k8s08']",7,0,19,19,4.248262643814087,False,0.1,64,0.1,64
"['k8s02', 'k8s03', 'k8s04', 'k8s05', 'k8s06', 'k8s07', 'k8s08']",7,0,20,20,4.864976406097412,False,0.1,64,0.1,64
"['k8s02', 'k8s03', 'k8s04']",3,0,0,0,0.03378558158874512,False,0.1,64,0.1,64
"['k8s02', 'k8s03', 'k8s04']",3,0,1,1,2.558199882507324,False,0.1,64,0.1,64
"['k8s02', 'k8s03', 'k8s04']",3,0,2,2,2.6220717430114746,False,0.1,64,0.1,64
"['k8s02', 'k8s03', 'k8s04']",3,0,3,3,3.0477569103240967,False,0.1,64,0.1,64
"['k8s02', 'k8s03', 'k8s04']",3,0,4,4,3.2362470626831055,False,0.1,64,0.1,64
"['k8s02', 'k8s03', 'k8s04']",3,0,5,5,3.5813045501708984,False,0.1,64,0.1,64
"['k8s02', 'k8s03', 'k8s04']",3,0,6,6,2.835322141647339,False,0.1,64,0.1,64
"['k8s02', 'k8s03', 'k8s04']",3,0,7,7,3.361021041870117,False,0.1,64,0.1,64
"['k8s02', 'k8s03', 'k8s04']",3,0,8,8,3.2780025005340576,False,0.1,64,0.1,64
"['k8s02', 'k8s03', 'k8s04']",3,0,9,9,3.59161114692688,False,0.1,64,0.1,64
"['k8s02', 'k8s03', 'k8s04']",3,0,10,10,4.346025705337524,False,0.1,64,0.1,64
"['k8s02', 'k8s03', 'k8s04']",3,0,11,11,3.624485492706299,False,0.1,64,0.1,64
"['k8s02', 'k8s03', 'k8s04']",3,0,12,12,3.8482959270477295,False,0.1,64,0.1,64
"['k8s02', 'k8s03', 'k8s04']",3,0,13,13,3.350231647491455,False,0.1,64,0.1,64
"['k8s02', 'k8s03', 'k8s04']",3,0,14,14,4.531174659729004,False,0.1,64,0.1,64
"['k8s02', 'k8s03', 'k8s04']",3,0,15,15,5.381078004837036,False,0.1,64,0.1,64
"['k8s02', 'k8s03', 'k8s04']",3,0,16,16,5.310513257980347,False,0.1,64,0.1,64
"['k8s02', 'k8s03', 'k8s04']",3,0,17,17,5.398202657699585,False,0.1,64,0.1,64
"['k8s02', 'k8s03', 'k8s04']",3,0,18,18,5.392173528671265,False,0.1,64,0.1,64
"['k8s02', 'k8s03', 'k8s04']",3,0,19,19,6.524159908294678,False,0.1,64,0.1,64
"['k8s02', 'k8s03', 'k8s04']",3,0,20,20,5.963849782943726,False,0.1,64,0.1,64
"['k8s02', 'k8s03', 'k8s04', 'k8s05', 'k8s06', 'k8s07', 'k8s08']",7,0,0,0,0.03695344924926758,False,0.1,64,0.1,64
"['k8s02', 'k8s03', 'k8s04', 'k8s05', 'k8s06', 'k8s07', 'k8s08']",7,0,1,1,2.5785155296325684,False,0.1,64,0.1,64
"['k8s02', 'k8s03', 'k8s04', 'k8s05', 'k8s06', 'k8s07', 'k8s08']",7,0,2,2,2.640589475631714,False,0.1,64,0.1,64
"['k8s02', 'k8s03', 'k8s04', 'k8s05', 'k8s06', 'k8s07', 'k8s08']",7,0,3,3,2.6322946548461914,False,0.1,64,0.1,64
"['k8s02', 'k8s03', 'k8s04', 'k8s05', 'k8s06', 'k8s07', 'k8s08']",7,0,4,4,2.7357757091522217,False,0.1,64,0.1,64
"['k8s02', 'k8s03', 'k8s04', 'k8s05', 'k8s06', 'k8s07', 'k8s08']",7,0,5,5,2.726280450820923,False,0.1,64,0.1,64
"['k8s02', 'k8s03', 'k8s04', 'k8s05', 'k8s06', 'k8s07', 'k8s08']",7,0,6,6,2.7372148036956787,False,0.1,64,0.1,64
"['k8s02', 'k8s03', 'k8s04', 'k8s05', 'k8s06', 'k8s07', 'k8s08']",7,0,7,7,2.8192317485809326,False,0.1,64,0.1,64
"['k8s02', 'k8s03', 'k8s04', 'k8s05', 'k8s06', 'k8s07', 'k8s08']",7,0,8,8,2.96913743019104,False,0.1,64,0.1,64
"['k8s02', 'k8s03', 'k8s04', 'k8s05', 'k8s06', 'k8s07', 'k8s08']",7,0,9,9,3.400104284286499,False,0.1,64,0.1,64
"['k8s02', 'k8s03', 'k8s04', 'k8s05', 'k8s06', 'k8s07', 'k8s08']",7,0,10,10,3.8230159282684326,False,0.1,64,0.1,64
"['k8s02', 'k8s03', 'k8s04', 'k8s05', 'k8s06', 'k8s07', 'k8s08']",7,0,11,11,3.6731250286102295,False,0.1,64,0.1,64
"['k8s02', 'k8s03', 'k8s04', 'k8s05', 'k8s06', 'k8s07', 'k8s08']",7,0,12,12,3.6106936931610107,False,0.1,64,0.1,64
"['k8s02', 'k8s03', 'k8s04', 'k8s05', 'k8s06', 'k8s07', 'k8s08']",7,0,13,13,3.833618402481079,False,0.1,64,0.1,64
"['k8s02', 'k8s03', 'k8s04', 'k8s05', 'k8s06', 'k8s07', 'k8s08']",7,0,14,14,3.108851432800293,False,0.1,64,0.1,64
"['k8s02', 'k8s03', 'k8s04', 'k8s05', 'k8s06', 'k8s07', 'k8s08']",7,0,15,15,3.5149636268615723,False,0.1,64,0.1,64
"['k8s02', 'k8s03', 'k8s04', 'k8s05', 'k8s06', 'k8s07', 'k8s08']",7,0,16,16,3.855614423751831,False,0.1,64,0.1,64
"['k8s02', 'k8s03', 'k8s04', 'k8s05', 'k8s06', 'k8s07', 'k8s08']",7,0,17,17,3.852177143096924,False,0.1,64,0.1,64
"['k8s02', 'k8s03', 'k8s04', 'k8s05', 'k8s06', 'k8s07', 'k8s08']",7,0,18,18,3.629770040512085,False,0.1,64,0.1,64
"['k8s02', 'k8s03', 'k8s04', 'k8s05', 'k8s06', 'k8s07', 'k8s08']",7,0,19,19,4.4508750438690186,False,0.1,64,0.1,64
"['k8s02', 'k8s03', 'k8s04', 'k8s05', 'k8s06', 'k8s07', 'k8s08']",7,0,20,20,4.350499629974365,False,0.1,64,0.1,64
"['k8s02', 'k8s03', 'k8s04']",3,0,0,0,0.03789710998535156,False,0.1,64,0.1,64
"['k8s02', 'k8s03', 'k8s04']",3,0,1,1,2.5883524417877197,False,0.1,64,0.1,64
"['k8s02', 'k8s03', 'k8s04']",3,0,2,2,2.5051310062408447,False,0.1,64,0.1,64
"['k8s02', 'k8s03', 'k8s04']",3,0,3,3,2.7305314540863037,False,0.1,64,0.1,64
"['k8s02', 'k8s03', 'k8s04']",3,0,4,4,3.172379732131958,False,0.1,64,0.1,64
"['k8s02', 'k8s03', 'k8s04']",3,0,5,5,3.2896289825439453,False,0.1,64,0.1,64
"['k8s02', 'k8s03', 'k8s04']",3,0,6,6,2.731144905090332,False,0.1,64,0.1,64
"['k8s02', 'k8s03', 'k8s04']",3,0,7,7,2.717132568359375,False,0.1,64,0.1,64
"['k8s02', 'k8s03', 'k8s04']",3,0,8,8,3.1070077419281006,False,0.1,64,0.1,64
"['k8s02', 'k8s03', 'k8s04']",3,0,9,9,3.3881406784057617,False,0.1,64,0.1,64
"['k8s02', 'k8s03', 'k8s04']",3,0,10,10,3.514976739883423,False,0.1,64,0.1,64
"['k8s02', 'k8s03', 'k8s04']",3,0,11,11,4.1934168338775635,False,0.1,64,0.1,64
"['k8s02', 'k8s03', 'k8s04']",3,0,12,12,3.3200697898864746,False,0.1,64,0.1,64
"['k8s02', 'k8s03', 'k8s04']",3,0,13,13,4.517471551895142,False,0.1,64,0.1,64
"['k8s02', 'k8s03', 'k8s04']",3,0,14,14,4.744237661361694,False,0.1,64,0.1,64
"['k8s02', 'k8s03', 'k8s04']",3,0,15,15,5.421085596084595,False,0.1,64,0.1,64
"['k8s02', 'k8s03', 'k8s04']",3,0,16,16,5.410603284835815,False,0.1,64,0.1,64
"['k8s02', 'k8s03', 'k8s04']",3,0,17,17,5.767353296279907,False,0.1,64,0.1,64
"['k8s02', 'k8s03', 'k8s04']",3,0,18,18,5.387351751327515,False,0.1,64,0.1,64
"['k8s02', 'k8s03', 'k8s04']",3,0,19,19,5.6139726638793945,False,0.1,64,0.1,64
"['k8s02', 'k8s03', 'k8s04']",3,0,20,20,5.415046691894531,False,0.1,64,0.1,64
"['k8s02', 'k8s03', 'k8s04', 'k8s05', 'k8s06', 'k8s07', 'k8s08']",7,0,0,0,0.03816938400268555,False,0.1,64,0.1,64
"['k8s02', 'k8s03', 'k8s04', 'k8s05', 'k8s06', 'k8s07', 'k8s08']",7,0,1,1,2.504598379135132,False,0.1,64,0.1,64
"['k8s02', 'k8s03', 'k8s04', 'k8s05', 'k8s06', 'k8s07', 'k8s08']",7,0,2,2,2.5798680782318115,False,0.1,64,0.1,64
"['k8s02', 'k8s03', 'k8s04', 'k8s05', 'k8s06', 'k8s07', 'k8s08']",7,0,3,3,3.03463077545166,False,0.1,64,0.1,64
"['k8s02', 'k8s03', 'k8s04', 'k8s05', 'k8s06', 'k8s07', 'k8s08']",7,0,4,4,2.634315252304077,False,0.1,64,0.1,64
"['k8s02', 'k8s03', 'k8s04', 'k8s05', 'k8s06', 'k8s07', 'k8s08']",7,0,5,5,2.714407444000244,False,0.1,64,0.1,64
"['k8s02', 'k8s03', 'k8s04', 'k8s05', 'k8s06', 'k8s07', 'k8s08']",7,0,6,6,2.8242719173431396,False,0.1,64,0.1,64
"['k8s02', 'k8s03', 'k8s04', 'k8s05', 'k8s06', 'k8s07', 'k8s08']",7,0,7,7,3.0312838554382324,False,0.1,64,0.1,64
"['k8s02', 'k8s03', 'k8s04', 'k8s05', 'k8s06', 'k8s07', 'k8s08']",7,0,8,8,2.957054615020752,False,0.1,64,0.1,64
"['k8s02', 'k8s03', 'k8s04', 'k8s05', 'k8s06', 'k8s07', 'k8s08']",7,0,9,9,3.049846649169922,False,0.1,64,0.1,64
"['k8s02', 'k8s03', 'k8s04', 'k8s05', 'k8s06', 'k8s07', 'k8s08']",7,0,10,10,2.968472957611084,False,0.1,64,0.1,64
"['k8s02', 'k8s03', 'k8s04', 'k8s05', 'k8s06', 'k8s07', 'k8s08']",7,0,11,11,3.47062611579895,False,0.1,64,0.1,64
"['k8s02', 'k8s03', 'k8s04', 'k8s05', 'k8s06', 'k8s07', 'k8s08']",7,0,12,12,2.9669275283813477,False,0.1,64,0.1,64
"['k8s02', 'k8s03', 'k8s04', 'k8s05', 'k8s06', 'k8s07', 'k8s08']",7,0,13,13,3.2373554706573486,False,0.1,64,0.1,64
"['k8s02', 'k8s03', 'k8s04', 'k8s05', 'k8s06', 'k8s07', 'k8s08']",7,0,14,14,3.732360363006592,False,0.1,64,0.1,64
"['k8s02', 'k8s03', 'k8s04', 'k8s05', 'k8s06', 'k8s07', 'k8s08']",7,0,15,15,3.2918081283569336,False,0.1,64,0.1,64
"['k8s02', 'k8s03', 'k8s04', 'k8s05', 'k8s06', 'k8s07', 'k8s08']",7,0,16,16,4.066977262496948,False,0.1,64,0.1,64
"['k8s02', 'k8s03', 'k8s04', 'k8s05', 'k8s06', 'k8s07', 'k8s08']",7,0,17,17,4.516699314117432,False,0.1,64,0.1,64
"['k8s02', 'k8s03', 'k8s04', 'k8s05', 'k8s06', 'k8s07', 'k8s08']",7,0,18,18,3.831904649734497,False,0.1,64,0.1,64
"['k8s02', 'k8s03', 'k8s04', 'k8s05', 'k8s06', 'k8s07', 'k8s08']",7,0,19,19,3.4022810459136963,False,0.1,64,0.1,64
"['k8s02', 'k8s03', 'k8s04', 'k8s05', 'k8s06', 'k8s07', 'k8s08']",7,0,20,20,4.166929244995117,False,0.1,64,0.1,64
